CD,E_17_SEN_SPEC_Total,E_17_SEN_SPEC_Dem,E_17_SEN_SPEC_Rep,E_18_SEN_SPEC_Total,E_18_SEN_SPEC_Dem,E_18_SEN_SPEC_Rep,E_20_SEN_SPEC_Total,E_20_SEN_SPEC_Dem,E_20_SEN_SPEC_Rep,E_24_SEN_SPEC_Total,E_24_SEN_SPEC_Dem,E_24_SEN_SPEC_Rep
AK-1,,,,,,,,,,,,
AK-2,,,,,,,,,,,,
AK-3,,,,,,,,,,,,
AK-4,,,,,,,,,,,,
AK-5,,,,,,,,,,,,
AK-6,,,,,,,,,,,,
AK-7,,,,,,,,,,,,
AL-1,28954,20971,7635,,,,,,,,,
AL-2,30426,23359,6715,,,,,,,,,
AL-3,24130,9701,13963,,,,,,,,,
AL-4,23556,7394,15840,,,,,,,,,
AL-5,24935,8997,15602,,,,,,,,,
AL-6,30839,12598,17313,,,,,,,,,
AL-7,24674,7404,16638,,,,,,,,,
AL-8,24748,7157,17245,,,,,,,,,
AL-9,23883,7208,16401,,,,,,,,,
AL-10,23185,9023,13884,,,,,,,,,
AL-11,23459,16260,7083,,,,,,,,,
AL-12,29223,19955,8921,,,,,,,,,
AL-13,28958,20181,8462,,,,,,,,,
AL-14,30830,21666,8923,,,,,,,,,
AL-15,36444,23861,12387,,,,,,,,,
AL-16,36497,23624,12697,,,,,,,,,
AL-17,26153,19913,5905,,,,,,,,,
AL-18,22338,14299,7685,,,,,,,,,
AL-19,19917,9844,9686,,,,,,,,,
AL-20,26706,8789,17621,,,,,,,,,
AL-21,24631,7921,16325,,,,,,,,,
AL-22,25776,9126,16282,,,,,,,,,
AL-23,26918,10568,15730,,,,,,,,,
AL-24,24896,11432,13084,,,,,,,,,
AL-25,25303,11593,13404,,,,,,,,,
AL-26,25947,11680,13719,,,,,,,,,
AL-27,19548,5091,14114,,,,,,,,,
AL-28,22463,9055,12870,,,,,,,,,
AL-29,25546,6701,18498,,,,,,,,,
AL-30,34135,14015,19033,,,,,,,,,
AL-31,32878,23501,9049,,,,,,,,,
AL-32,31163,21527,9353,,,,,,,,,
AL-33,29870,20218,9284,,,,,,,,,
AL-34,35877,27982,7143,,,,,,,,,
AL-35,34334,26582,7151,,,,,,,,,
AL-36,34748,25113,8596,,,,,,,,,
AL-37,24766,6873,17393,,,,,,,,,
AL-38,25558,4988,20198,,,,,,,,,
AL-39,26516,6295,19805,,,,,,,,,
AL-40,24174,4702,19126,,,,,,,,,
AL-41,20253,6098,13786,,,,,,,,,
AL-42,23487,5911,17005,,,,,,,,,
AL-43,23082,6588,16156,,,,,,,,,
AL-44,22494,13393,8797,,,,,,,,,
AL-45,24192,9075,14756,,,,,,,,,
AL-46,24514,9660,14339,,,,,,,,,
AL-47,28782,14115,13838,,,,,,,,,
AL-48,32403,15038,16163,,,,,,,,,
AL-49,25643,15772,9031,,,,,,,,,
AL-50,28997,21072,7349,,,,,,,,,
AR-1,,,,,,,,,,,,
AR-2,,,,,,,,,,,,
AR-3,,,,,,,,,,,,
AR-4,,,,,,,,,,,,
AR-5,,,,,,,,,,,,
AR-6,,,,,,,,,,,,
AR-7,,,,,,,,,,,,
AR-8,,,,,,,,,,,,
AR-9,,,,,,,,,,,,
AR-10,,,,,,,,,,,,
AR-11,,,,,,,,,,,,
AR-12,,,,,,,,,,,,
AR-13,,,,,,,,,,,,
AR-14,,,,,,,,,,,,
AR-15,,,,,,,,,,,,
AR-16,,,,,,,,,,,,
AR-17,,,,,,,,,,,,
AR-18,,,,,,,,,,,,
AR-19,,,,,,,,,,,,
AR-20,,,,,,,,,,,,
AR-21,,,,,,,,,,,,
AR-22,,,,,,,,,,,,
AR-23,,,,,,,,,,,,
AR-24,,,,,,,,,,,,
AR-25,,,,,,,,,,,,
AR-26,,,,,,,,,,,,
AR-27,,,,,,,,,,,,
AR-28,,,,,,,,,,,,
AR-29,,,,,,,,,,,,
AR-30,,,,,,,,,,,,
AZ-1,,,,,,,,,,,,
AZ-2,,,,,,,,,,,,
AZ-3,,,,,,,,,,,,
AZ-4,,,,,,,,,,,,
AZ-5,,,,,,,,,,,,
AZ-6,,,,,,,,,,,,
AZ-7,,,,,,,,,,,,
AZ-8,,,,,,,,,,,,
AZ-9,,,,,,,,,,,,
AZ-10,,,,,,,,,,,,
AZ-11,,,,,,,,,,,,
AZ-12,,,,,,,,,,,,
AZ-13,,,,,,,,,,,,
AZ-14,,,,,,,,,,,,
AZ-15,,,,,,,,,,,,
AZ-16,,,,,,,,,,,,
AZ-17,,,,,,,,,,,,
AZ-18,,,,,,,,,,,,
AZ-19,,,,,,,,,,,,
AZ-20,,,,,,,,,,,,
AZ-21,,,,,,,,,,,,
AZ-22,,,,,,,,,,,,
AZ-23,,,,,,,,,,,,
AZ-24,,,,,,,,,,,,
AZ-25,,,,,,,,,,,,
AZ-26,,,,,,,,,,,,
AZ-27,,,,,,,,,,,,
AZ-28,,,,,,,,,,,,
AZ-29,,,,,,,,,,,,
AZ-30,,,,,,,,,,,,
AZ-31,,,,,,,,,,,,
AZ-32,,,,,,,,,,,,
AZ-33,,,,,,,,,,,,
AZ-34,,,,,,,,,,,,
AZ-35,,,,,,,,,,,,
AZ-36,,,,,,,,,,,,
AZ-37,,,,,,,,,,,,
AZ-38,,,,,,,,,,,,
AZ-39,,,,,,,,,,,,
AZ-40,,,,,,,,,,,,
AZ-41,,,,,,,,,,,,
AZ-42,,,,,,,,,,,,
AZ-43,,,,,,,,,,,,
AZ-44,,,,,,,,,,,,
AZ-45,,,,,,,,,,,,
AZ-46,,,,,,,,,,,,
AZ-47,,,,,,,,,,,,
AZ-48,,,,,,,,,,,,
AZ-49,,,,,,,,,,,,
AZ-50,,,,,,,,,,,,
AZ-51,,,,,,,,,,,,
AZ-52,,,,,,,,,,,,
AZ-53,,,,,,,,,,,,
AZ-54,,,,,,,,,,,,
AZ-55,,,,,,,,,,,,
AZ-56,,,,,,,,,,,,
AZ-57,,,,,,,,,,,,
AZ-58,,,,,,,,,,,,
AZ-59,,,,,,,,,,,,
AZ-60,,,,,,,,,,,,
AZ-61,,,,,,,,,,,,
AZ-62,,,,,,,,,,,,
AZ-63,,,,,,,,,,,,
AZ-64,,,,,,,,,,,,
AZ-65,,,,,,,,,,,,
AZ-66,,,,,,,,,,,,
AZ-67,,,,,,,,,,,,
AZ-68,,,,,,,,,,,,
AZ-69,,,,,,,,,,,,
AZ-70,,,,,,,,,,,,
AZ-71,,,,,,,,,,,,
AZ-72,,,,,,,,,,,,
CA-1,,,,,,,,,,42292,25761,16531
CA-2,,,,,,,,,,42319,24251,18068
CA-3,,,,,,,,,,36363,18173,18190
CA-4,,,,,,,,,,49647,35657,13990
CA-5,,,,,,,,,,49928,34659,15269
CA-6,,,,,,,,,,31056,22465,8591
CA-7,,,,,,,,,,51164,37329,13835
CA-8,,,,,,,,,,46824,33250,13574
CA-9,,,,,,,,,,53881,40896,12985
CA-10,,,,,,,,,,52730,42063,10667
CA-11,,,,,,,,,,54119,43927,10192
CA-12,,,,,,,,,,46699,15754,30945
CA-13,,,,,,,,,,45360,15108,30252
CA-14,,,,,,,,,,47856,12249,35607
CA-15,,,,,,,,,,33835,10519,23316
CA-16,,,,,,,,,,38926,23498,15428
CA-17,,,,,,,,,,44896,16309,28587
CA-18,,,,,,,,,,37137,12651,24486
CA-19,,,,,,,,,,34199,11955,22244
CA-20,,,,,,,,,,60729,33064,27665
CA-21,,,,,,,,,,47333,25316,22017
CA-22,,,,,,,,,,56216,20609,35607
CA-23,,,,,,,,,,47385,20749,26636
CA-24,,,,,,,,,,55135,25876,29259
CA-25,,,,,,,,,,56722,24006,32716
CA-26,,,,,,,,,,58859,23110,35749
CA-27,,,,,,,,,,57154,19703,37451
CA-28,,,,,,,,,,53121,19915,33206
CA-29,,,,,,,,,,38867,17423,21444
CA-30,,,,,,,,,,45694,19491,26203
CA-31,,,,,,,,,,29653,15315,14338
CA-32,,,,,,,,,,47396,24928,22468
CA-33,,,,,,,,,,56467,29158,27309
CA-34,,,,,,,,,,37624,21669,15955
CA-35,,,,,,,,,,31296,18460,12836
CA-36,,,,,,,,,,45165,18878,26287
CA-37,,,,,,,,,,43291,26938,16353
CA-38,,,,,,,,,,31805,20214,11591
CA-39,,,,,,,,,,35906,21829,14077
CA-40,,,,,,,,,,35283,25115,10168
CA-41,,,,,,,,,,30193,22259,7934
CA-42,,,,,,,,,,44292,33740,10552
CA-43,,,,,,,,,,41719,30367,11352
CA-44,,,,,,,,,,32207,21289,10918
CA-45,,,,,,,,,,46086,34386,11700
CA-46,,,,,,,,,,39567,22251,17316
CA-47,,,,,,,,,,46002,22949,23053
CA-48,,,,,,,,,,42455,24753,17702
CA-49,,,,,,,,,,35614,22000,13614
CA-50,,,,,,,,,,43630,30235,13395
CA-51,,,,,,,,,,34784,24943,9841
CA-52,,,,,,,,,,46366,30066,16300
CA-53,,,,,,,,,,35615,20365,15250
CA-54,,,,,,,,,,27549,19171,8378
CA-55,,,,,,,,,,40673,25388,15285
CA-56,,,,,,,,,,37357,24847,12510
CA-57,,,,,,,,,,51016,34131,16885
CA-58,,,,,,,,,,57330,40491,16839
CA-59,,,,,,,,,,59181,38202,20979
CA-60,,,,,,,,,,44530,25143,19387
CA-61,,,,,,,,,,43228,28001,15227
CA-62,,,,,,,,,,43616,26281,17335
CA-63,,,,,,,,,,46381,28970,17411
CA-64,,,,,,,,,,36497,26153,10344
CA-65,,,,,,,,,,25314,20884,4430
CA-66,,,,,,,,,,46726,38344,8382
CA-67,,,,,,,,,,41224,37653,3571
CA-68,,,,,,,,,,41458,38645,2813
CA-69,,,,,,,,,,61505,56185,5320
CA-70,,,,,,,,,,33723,29639,4084
CA-71,,,,,,,,,,39338,34845,4493
CA-72,,,,,,,,,,18231,15145,3086
CA-73,,,,,,,,,,45425,35551,9874
CA-74,,,,,,,,,,32650,23756,8894
CA-75,,,,,,,,,,36257,25516,10741
CA-76,,,,,,,,,,25416,18289,7127
CA-77,,,,,,,,,,36591,25431,11160
CA-78,,,,,,,,,,35041,24179,10862
CA-79,,,,,,,,,,30950,20591,10359
CA-80,,,,,,,,,,37389,24098,13291
CA-81,,,,,,,,,,38705,33705,5000
CA-82,,,,,,,,,,33370,27717,5653
CA-83,,,,,,,,,,46855,37157,9698
CA-84,,,,,,,,,,52944,47635,5309
CA-85,,,,,,,,,,59132,51658,7474
CA-86,,,,,,,,,,49940,41476,8464
CA-87,,,,,,,,,,46029,34513,11516
CA-88,,,,,,,,,,34152,24988,9164
CA-89,,,,,,,,,,33740,24512,9228
CA-90,,,,,,,,,,29877,21646,8231
CA-91,,,,,,,,,,42712,29701,13011
CA-92,,,,,,,,,,46208,33530,12678
CA-93,,,,,,,,,,38805,28338,10467
CA-94,,,,,,,,,,28416,22256,6160
CA-95,,,,,,,,,,57234,43588,13646
CA-96,,,,,,,,,,50553,37332,13221
CA-97,,,,,,,,,,40704,32583,8121
CA-98,,,,,,,,,,36411,27703,8708
CA-99,,,,,,,,,,47186,33520,13666
CA-100,,,,,,,,,,30908,22164,8744
CA-101,,,,,,,,,,31147,22824,8323
CA-102,,,,,,,,,,35156,25575,9581
CA-103,,,,,,,,,,31367,21305,10062
CA-104,,,,,,,,,,48947,33259,15688
CA-105,,,,,,,,,,47076,32590,14486
CA-106,,,,,,,,,,29334,22435,6899
CA-107,,,,,,,,,,33719,22440,11279
CA-108,,,,,,,,,,31369,19672,11697
CA-109,,,,,,,,,,25158,17747,7411
CA-110,,,,,,,,,,27364,17833,9531
CA-111,,,,,,,,,,30725,19422,11303
CA-112,,,,,,,,,,27278,18327,8951
CA-113,,,,,,,,,,40645,26327,14318
CA-114,,,,,,,,,,39850,24208,15642
CA-115,,,,,,,,,,48900,30532,18368
CA-116,,,,,,,,,,56595,40296,16299
CA-117,,,,,,,,,,49610,40823,8787
CA-118,,,,,,,,,,37842,27055,10787
CA-119,,,,,,,,,,33376,21270,12106
CA-120,,,,,,,,,,22671,14627,8044
CA-121,,,,,,,,,,25197,15736,9461
CA-122,,,,,,,,,,33386,18482,14904
CA-123,,,,,,,,,,51921,33942,17979
CA-124,,,,,,,,,,54350,31754,22596
CA-125,,,,,,,,,,49453,20887,28566
CA-126,,,,,,,,,,44449,25552,18897
CA-127,,,,,,,,,,45084,19384,25700
CA-128,,,,,,,,,,19441,10568,8873
CA-129,,,,,,,,,,36051,24610,11441
CA-130,,,,,,,,,,50146,36948,13198
CA-131,,,,,,,,,,45797,30447,15350
CA-132,,,,,,,,,,41713,24806,16907
CA-133,,,,,,,,,,37756,22579,15177
CA-134,,,,,,,,,,34693,21618,13075
CA-135,,,,,,,,,,24271,15192,9079
CA-136,,,,,,,,,,51126,25466,25660
CA-137,,,,,,,,,,46974,22053,24921
CA-138,,,,,,,,,,51263,26005,25258
CA-139,,,,,,,,,,52410,27862,24548
CA-140,,,,,,,,,,33707,18412,15295
CA-141,,,,,,,,,,37024,18571,18453
CA-142,,,,,,,,,,17077,10794,6283
CA-143,,,,,,,,,,28285,16536,11749
CA-144,,,,,,,,,,25543,14949,10594
CA-145,,,,,,,,,,36173,19791,16382
CA-146,,,,,,,,,,40580,14465,26115
CA-147,,,,,,,,,,42788,12297,30491
CA-148,,,,,,,,,,41820,17046,24774
CA-149,,,,,,,,,,29465,15461,14004
CA-150,,,,,,,,,,31136,15896,15240
CA-151,,,,,,,,,,36030,17137,18893
CA-152,,,,,,,,,,24893,12208,12685
CA-153,,,,,,,,,,35150,13998,21152
CA-154,,,,,,,,,,26929,12747,14182
CA-155,,,,,,,,,,30260,15500,14760
CA-156,,,,,,,,,,17236,8295,8941
CA-157,,,,,,,,,,30944,10822,20122
CA-158,,,,,,,,,,24599,11235,13364
CA-159,,,,,,,,,,41159,19414,21745
CA-160,,,,,,,,,,19700,11254,8446
CA-161,,,,,,,,,,26576,16250,10326
CA-162,,,,,,,,,,22872,13156,9716
CA-163,,,,,,,,,,17169,10847,6322
CA-164,,,,,,,,,,47853,18731,29122
CA-165,,,,,,,,,,45700,17233,28467
CA-166,,,,,,,,,,24133,12752,11381
CA-167,,,,,,,,,,23800,11093,12707
CA-168,,,,,,,,,,50640,15053,35587
CA-169,,,,,,,,,,29558,10189,19369
CA-170,,,,,,,,,,39508,14275,25233
CA-171,,,,,,,,,,28543,9848,18695
CA-172,,,,,,,,,,19959,9417,10542
CA-173,,,,,,,,,,15853,7283,8570
CA-174,,,,,,,,,,19995,10208,9787
CA-175,,,,,,,,,,47211,12308,34903
CA-176,,,,,,,,,,39391,12673,26718
CA-177,,,,,,,,,,38152,12767,25385
CA-178,,,,,,,,,,36431,11617,24814
CA-179,,,,,,,,,,19417,10389,9028
CA-180,,,,,,,,,,19368,10679,8689
CA-181,,,,,,,,,,32488,14897,17591
CA-182,,,,,,,,,,18231,9751,8480
CA-183,,,,,,,,,,25079,13534,11545
CA-184,,,,,,,,,,26469,12557,13912
CA-185,,,,,,,,,,36131,13034,23097
CA-186,,,,,,,,,,30491,10293,20198
CA-187,,,,,,,,,,32950,13096,19854
CA-188,,,,,,,,,,41689,14209,27480
CA-189,,,,,,,,,,47910,17709,30201
CA-190,,,,,,,,,,38162,20373,17789
CA-191,,,,,,,,,,21195,11552,9643
CA-192,,,,,,,,,,28178,14659,13519
CA-193,,,,,,,,,,20012,11680,8332
CA-194,,,,,,,,,,24227,14912,9315
CA-195,,,,,,,,,,24316,13847,10469
CA-196,,,,,,,,,,27612,15672,11940
CA-197,,,,,,,,,,27506,16005,11501
CA-198,,,,,,,,,,37666,18768,18898
CA-199,,,,,,,,,,47152,20805,26347
CA-200,,,,,,,,,,40355,19533,20822
CA-201,,,,,,,,,,26627,15316,11311
CA-202,,,,,,,,,,32895,17618,15277
CA-203,,,,,,,,,,32641,15725,16916
CA-204,,,,,,,,,,41609,19228,22381
CA-205,,,,,,,,,,30418,16068,14350
CA-206,,,,,,,,,,26250,11876,14374
CA-207,,,,,,,,,,28620,15797,12823
CA-208,,,,,,,,,,37338,19016,18322
CA-209,,,,,,,,,,46863,27513,19350
CA-210,,,,,,,,,,30371,18619,11752
CA-211,,,,,,,,,,43008,25503,17505
CA-212,,,,,,,,,,41511,17571,23940
CA-213,,,,,,,,,,27076,12950,14126
CA-214,,,,,,,,,,29659,17182,12477
CA-215,,,,,,,,,,21326,13042,8284
CA-216,,,,,,,,,,29869,18017,11852
CA-217,,,,,,,,,,28937,14143,14794
CA-218,,,,,,,,,,38982,19409,19573
CA-219,,,,,,,,,,24667,13189,11478
CA-220,,,,,,,,,,38110,15858,22252
CA-221,,,,,,,,,,32703,15145,17558
CA-222,,,,,,,,,,41243,18578,22665
CA-223,,,,,,,,,,21394,12655,8739
CA-224,,,,,,,,,,49253,19294,29959
CA-225,,,,,,,,,,34500,15412,19088
CA-226,,,,,,,,,,41819,18269,23550
CA-227,,,,,,,,,,50001,19773,30228
CA-228,,,,,,,,,,47457,17576,29881
CA-229,,,,,,,,,,41370,17000,24370
CA-230,,,,,,,,,,42375,17991,24384
CA-231,,,,,,,,,,49956,17235,32721
CA-232,,,,,,,,,,45778,14751,31027
CA-233,,,,,,,,,,48106,18820,29286
CA-234,,,,,,,,,,31563,14838,16725
CA-235,,,,,,,,,,53962,24682,29280
CA-236,,,,,,,,,,26994,15091,11903
CA-237,,,,,,,,,,31919,13390,18529
CA-238,,,,,,,,,,41691,23125,18566
CA-239,,,,,,,,,,40787,21848,18939
CA-240,,,,,,,,,,41071,20960,20111
CA-241,,,,,,,,,,52652,29115,23537
CA-242,,,,,,,,,,57817,31527,26290
CA-243,,,,,,,,,,58548,35175,23373
CA-244,,,,,,,,,,52563,28816,23747
CA-245,,,,,,,,,,52446,30101,22345
CA-246,,,,,,,,,,43743,26037,17706
CA-247,,,,,,,,,,40351,26516,13835
CA-248,,,,,,,,,,48389,30927,17462
CA-249,,,,,,,,,,40422,25891,14531
CA-250,,,,,,,,,,46942,28549,18393
CA-251,,,,,,,,,,46684,30149,16535
CA-252,,,,,,,,,,49813,32831,16982
CA-253,,,,,,,,,,54158,44865,9293
CA-254,,,,,,,,,,26804,18870,7934
CA-255,,,,,,,,,,47067,28770,18297
CA-256,,,,,,,,,,26828,19069,7759
CA-257,,,,,,,,,,37576,22401,15175
CA-258,,,,,,,,,,26391,16245,10146
CA-259,,,,,,,,,,46440,25205,21235
CA-260,,,,,,,,,,41483,23890,17593
CA-261,,,,,,,,,,34316,20289,14027
CA-262,,,,,,,,,,30623,16901,13722
CA-263,,,,,,,,,,33704,20046,13658
CA-264,,,,,,,,,,61169,25088,36081
CA-265,,,,,,,,,,55276,23618,31658
CA-266,,,,,,,,,,57090,26507,30583
CA-267,,,,,,,,,,52292,24338,27954
CA-268,,,,,,,,,,52942,28064,24878
CA-269,,,,,,,,,,49237,24912,24325
CA-270,,,,,,,,,,35131,20381,14750
CA-271,,,,,,,,,,45983,23957,22026
CA-272,,,,,,,,,,41608,24088,17520
CA-273,,,,,,,,,,38767,22662,16105
CA-274,,,,,,,,,,56046,21412,34634
CA-275,,,,,,,,,,58675,24433,34242
CA-276,,,,,,,,,,36999,20120,16879
CA-277,,,,,,,,,,31638,17933,13705
CA-278,,,,,,,,,,27882,15710,12172
CA-279,,,,,,,,,,20039,13411,6628
CA-280,,,,,,,,,,27090,17400,9690
CA-281,,,,,,,,,,40777,20743,20034
CA-282,,,,,,,,,,31477,17618,13859
CA-283,,,,,,,,,,26259,16329,9930
CA-284,,,,,,,,,,26751,14813,11938
CA-285,,,,,,,,,,35390,17466,17924
CA-286,,,,,,,,,,36436,16981,19455
CA-287,,,,,,,,,,43098,19989,23109
CA-288,,,,,,,,,,55722,23777,31945
CA-289,,,,,,,,,,35582,17339,18243
CA-290,,,,,,,,,,42063,20989,21074
CA-291,,,,,,,,,,54868,24864,30004
CA-292,,,,,,,,,,56495,21653,34842
CA-293,,,,,,,,,,30202,16859,13343
CA-294,,,,,,,,,,43317,21877,21440
CA-295,,,,,,,,,,43536,21082,22454
CA-296,,,,,,,,,,28948,17083,11865
CA-297,,,,,,,,,,27277,15051,12226
CA-298,,,,,,,,,,26061,15324,10737
CA-299,,,,,,,,,,43483,18469,25014
CA-300,,,,,,,,,,52201,22540,29661
CA-301,,,,,,,,,,47256,23662,23594
CA-302,,,,,,,,,,46969,23895,23074
CA-303,,,,,,,,,,38783,24216,14567
CA-304,,,,,,,,,,23541,14382,9159
CA-305,,,,,,,,,,48112,21878,26234
CA-306,,,,,,,,,,42933,22249,20684
CA-307,,,,,,,,,,38189,23372,14817
CA-308,,,,,,,,,,27085,16915,10170
CA-309,,,,,,,,,,27688,17588,10100
CA-310,,,,,,,,,,37007,21348,15659
CA-311,,,,,,,,,,38231,20276,17955
CA-312,,,,,,,,,,33294,17721,15573
CA-313,,,,,,,,,,40807,23167,17640
CA-314,,,,,,,,,,38275,20479,17796
CA-315,,,,,,,,,,44097,23798,20299
CA-316,,,,,,,,,,20065,15015,5050
CA-317,,,,,,,,,,33045,20675,12370
CA-318,,,,,,,,,,33488,27058,6430
CA-319,,,,,,,,,,44347,31854,12493
CA-320,,,,,,,,,,21711,16183,5528
CA-321,,,,,,,,,,36953,25655,11298
CA-322,,,,,,,,,,49060,30026,19034
CA-323,,,,,,,,,,44285,25153,19132
CA-324,,,,,,,,,,24875,16976,7899
CA-325,,,,,,,,,,29055,17841,11214
CA-326,,,,,,,,,,33891,20637,13254
CA-327,,,,,,,,,,37349,23674,13675
CA-328,,,,,,,,,,36196,20623,15573
CA-329,,,,,,,,,,23898,15960,7938
CA-330,,,,,,,,,,24560,16735,7825
CA-331,,,,,,,,,,17637,12424,5213
CA-332,,,,,,,,,,20307,13628,6679
CA-333,,,,,,,,,,28003,18707,9296
CA-334,,,,,,,,,,23712,17071,6641
CA-335,,,,,,,,,,18760,11951,6809
CA-336,,,,,,,,,,30332,17034,13298
CA-337,,,,,,,,,,29728,18484,11244
CA-338,,,,,,,,,,30746,19868,10878
CA-339,,,,,,,,,,39769,25586,14183
CA-340,,,,,,,,,,40064,24320,15744
CA-341,,,,,,,,,,45282,34871,10411
CA-342,,,,,,,,,,55849,37808,18041
CA-343,,,,,,,,,,28957,18346,10611
CA-344,,,,,,,,,,43917,25576,18341
CA-345,,,,,,,,,,48851,32457,16394
CA-346,,,,,,,,,,34737,19286,15451
CA-347,,,,,,,,,,26753,17538,9215
CA-348,,,,,,,,,,28919,18319,10600
CA-349,,,,,,,,,,23041,14925,8116
CA-350,,,,,,,,,,27494,18771,8723
CA-351,,,,,,,,,,24981,16272,8709
CA-352,,,,,,,,,,27169,18498,8671
CA-353,,,,,,,,,,29162,18633,10529
CA-354,,,,,,,,,,32586,20428,12158
CA-355,,,,,,,,,,42630,24850,17780
CA-356,,,,,,,,,,47846,26936,20910
CA-357,,,,,,,,,,43857,26840,17017
CA-358,,,,,,,,,,45808,31976,13832
CA-359,,,,,,,,,,52685,33403,19282
CA-360,,,,,,,,,,51637,40241,11396
CA-361,,,,,,,,,,50634,40425,10209
CA-362,,,,,,,,,,52095,31179,20916
CA-363,,,,,,,,,,45649,36646,9003
CA-364,,,,,,,,,,39166,26229,12937
CA-365,,,,,,,,,,45567,35741,9826
CA-366,,,,,,,,,,48513,36175,12338
CA-367,,,,,,,,,,49579,39349,10230
CA-368,,,,,,,,,,48972,41222,7750
CA-369,,,,,,,,,,32440,24238,8202
CA-370,,,,,,,,,,27852,21694,6158
CA-371,,,,,,,,,,24994,19464,5530
CA-372,,,,,,,,,,30339,24032,6307
CA-373,,,,,,,,,,16689,11992,4697
CA-374,,,,,,,,,,30893,25194,5699
CA-375,,,,,,,,,,22076,17355,4721
CA-376,,,,,,,,,,42050,37113,4937
CA-377,,,,,,,,,,19074,14169,4905
CA-378,,,,,,,,,,14760,10657,4103
CA-379,,,,,,,,,,44035,34929,9106
CA-380,,,,,,,,,,31209,23926,7283
CA-381,,,,,,,,,,22467,16784,5683
CA-382,,,,,,,,,,16384,12327,4057
CA-383,,,,,,,,,,18447,14154,4293
CA-384,,,,,,,,,,25951,16460,9491
CA-385,,,,,,,,,,36027,21724,14303
CA-386,,,,,,,,,,29459,24538,4921
CA-387,,,,,,,,,,30948,21668,9280
CA-388,,,,,,,,,,34108,28635,5473
CA-389,,,,,,,,,,29000,20099,8901
CA-390,,,,,,,,,,42672,27009,15663
CA-391,,,,,,,,,,44427,24454,19973
CA-392,,,,,,,,,,56600,29531,27069
CA-393,,,,,,,,,,57833,35332,22501
CA-394,,,,,,,,,,52687,40680,12007
CA-395,,,,,,,,,,59050,35716,23334
CO-1,,,,,,,,,,,,
CO-2,,,,,,,,,,,,
CO-3,,,,,,,,,,,,
CO-4,,,,,,,,,,,,
CO-5,,,,,,,,,,,,
CO-6,,,,,,,,,,,,
CO-7,,,,,,,,,,,,
CO-8,,,,,,,,,,,,
CO-9,,,,,,,,,,,,
CO-10,,,,,,,,,,,,
CO-11,,,,,,,,,,,,
CO-12,,,,,,,,,,,,
CO-13,,,,,,,,,,,,
CO-14,,,,,,,,,,,,
CO-15,,,,,,,,,,,,
CO-16,,,,,,,,,,,,
CO-17,,,,,,,,,,,,
CO-18,,,,,,,,,,,,
CO-19,,,,,,,,,,,,
CO-20,,,,,,,,,,,,
CO-21,,,,,,,,,,,,
CO-22,,,,,,,,,,,,
CO-23,,,,,,,,,,,,
CO-24,,,,,,,,,,,,
CO-25,,,,,,,,,,,,
CO-26,,,,,,,,,,,,
CO-27,,,,,,,,,,,,
CO-28,,,,,,,,,,,,
CO-29,,,,,,,,,,,,
CO-30,,,,,,,,,,,,
CO-31,,,,,,,,,,,,
CO-32,,,,,,,,,,,,
CO-33,,,,,,,,,,,,
CO-34,,,,,,,,,,,,
CO-35,,,,,,,,,,,,
CO-36,,,,,,,,,,,,
CO-37,,,,,,,,,,,,
CO-38,,,,,,,,,,,,
CO-39,,,,,,,,,,,,
CO-40,,,,,,,,,,,,
CO-41,,,,,,,,,,,,
CO-42,,,,,,,,,,,,
CO-43,,,,,,,,,,,,
CO-44,,,,,,,,,,,,
CO-45,,,,,,,,,,,,
CO-46,,,,,,,,,,,,
CO-47,,,,,,,,,,,,
CO-48,,,,,,,,,,,,
CO-49,,,,,,,,,,,,
CO-50,,,,,,,,,,,,
CO-51,,,,,,,,,,,,
CO-52,,,,,,,,,,,,
CO-53,,,,,,,,,,,,
CO-54,,,,,,,,,,,,
CO-55,,,,,,,,,,,,
CO-56,,,,,,,,,,,,
CO-57,,,,,,,,,,,,
CO-58,,,,,,,,,,,,
CT-1,,,,,,,,,,,,
CT-2,,,,,,,,,,,,
CT-3,,,,,,,,,,,,
CT-4,,,,,,,,,,,,
CT-5,,,,,,,,,,,,
CT-6,,,,,,,,,,,,
CT-7,,,,,,,,,,,,
CT-8,,,,,,,,,,,,
CT-9,,,,,,,,,,,,
CT-10,,,,,,,,,,,,
CT-11,,,,,,,,,,,,
CT-12,,,,,,,,,,,,
CT-13,,,,,,,,,,,,
CT-14,,,,,,,,,,,,
CT-15,,,,,,,,,,,,
CT-16,,,,,,,,,,,,
CT-17,,,,,,,,,,,,
CT-18,,,,,,,,,,,,
CT-19,,,,,,,,,,,,
CT-20,,,,,,,,,,,,
CT-21,,,,,,,,,,,,
CT-22,,,,,,,,,,,,
CT-23,,,,,,,,,,,,
CT-24,,,,,,,,,,,,
CT-25,,,,,,,,,,,,
CT-26,,,,,,,,,,,,
CT-27,,,,,,,,,,,,
CT-28,,,,,,,,,,,,
CT-29,,,,,,,,,,,,
CT-30,,,,,,,,,,,,
CT-31,,,,,,,,,,,,
CT-32,,,,,,,,,,,,
CT-33,,,,,,,,,,,,
CT-34,,,,,,,,,,,,
CT-35,,,,,,,,,,,,
CT-36,,,,,,,,,,,,
DE-1,,,,,,,,,,,,
DE-2,,,,,,,,,,,,
DE-3,,,,,,,,,,,,
DE-4,,,,,,,,,,,,
DE-5,,,,,,,,,,,,
DE-6,,,,,,,,,,,,
DE-7,,,,,,,,,,,,
DE-8,,,,,,,,,,,,
DE-9,,,,,,,,,,,,
DE-10,,,,,,,,,,,,
FL-1,,,,,,,,,,,,
FL-2,,,,,,,,,,,,
FL-3,,,,,,,,,,,,
FL-4,,,,,,,,,,,,
FL-5,,,,,,,,,,,,
FL-6,,,,,,,,,,,,
FL-7,,,,,,,,,,,,
FL-8,,,,,,,,,,,,
FL-9,,,,,,,,,,,,
FL-10,,,,,,,,,,,,
FL-11,,,,,,,,,,,,
FL-12,,,,,,,,,,,,
FL-13,,,,,,,,,,,,
FL-14,,,,,,,,,,,,
FL-15,,,,,,,,,,,,
FL-16,,,,,,,,,,,,
FL-17,,,,,,,,,,,,
FL-18,,,,,,,,,,,,
FL-19,,,,,,,,,,,,
FL-20,,,,,,,,,,,,
FL-21,,,,,,,,,,,,
FL-22,,,,,,,,,,,,
FL-23,,,,,,,,,,,,
FL-24,,,,,,,,,,,,
FL-25,,,,,,,,,,,,
FL-26,,,,,,,,,,,,
FL-27,,,,,,,,,,,,
FL-28,,,,,,,,,,,,
FL-29,,,,,,,,,,,,
FL-30,,,,,,,,,,,,
FL-31,,,,,,,,,,,,
FL-32,,,,,,,,,,,,
FL-33,,,,,,,,,,,,
FL-34,,,,,,,,,,,,
FL-35,,,,,,,,,,,,
FL-36,,,,,,,,,,,,
FL-37,,,,,,,,,,,,
FL-38,,,,,,,,,,,,
FL-39,,,,,,,,,,,,
FL-40,,,,,,,,,,,,
FL-41,,,,,,,,,,,,
FL-42,,,,,,,,,,,,
FL-43,,,,,,,,,,,,
FL-44,,,,,,,,,,,,
FL-45,,,,,,,,,,,,
FL-46,,,,,,,,,,,,
FL-47,,,,,,,,,,,,
FL-48,,,,,,,,,,,,
FL-49,,,,,,,,,,,,
FL-50,,,,,,,,,,,,
FL-51,,,,,,,,,,,,
FL-52,,,,,,,,,,,,
FL-53,,,,,,,,,,,,
FL-54,,,,,,,,,,,,
FL-55,,,,,,,,,,,,
FL-56,,,,,,,,,,,,
FL-57,,,,,,,,,,,,
FL-58,,,,,,,,,,,,
FL-59,,,,,,,,,,,,
FL-60,,,,,,,,,,,,
FL-61,,,,,,,,,,,,
FL-62,,,,,,,,,,,,
FL-63,,,,,,,,,,,,
FL-64,,,,,,,,,,,,
FL-65,,,,,,,,,,,,
FL-66,,,,,,,,,,,,
FL-67,,,,,,,,,,,,
FL-68,,,,,,,,,,,,
FL-69,,,,,,,,,,,,
FL-70,,,,,,,,,,,,
FL-71,,,,,,,,,,,,
FL-72,,,,,,,,,,,,
FL-73,,,,,,,,,,,,
FL-74,,,,,,,,,,,,
FL-75,,,,,,,,,,,,
FL-76,,,,,,,,,,,,
FL-77,,,,,,,,,,,,
FL-78,,,,,,,,,,,,
FL-79,,,,,,,,,,,,
FL-80,,,,,,,,,,,,
FL-81,,,,,,,,,,,,
FL-82,,,,,,,,,,,,
FL-83,,,,,,,,,,,,
FL-84,,,,,,,,,,,,
FL-85,,,,,,,,,,,,
FL-86,,,,,,,,,,,,
FL-87,,,,,,,,,,,,
FL-88,,,,,,,,,,,,
FL-89,,,,,,,,,,,,
FL-90,,,,,,,,,,,,
FL-91,,,,,,,,,,,,
FL-92,,,,,,,,,,,,
FL-93,,,,,,,,,,,,
FL-94,,,,,,,,,,,,
FL-95,,,,,,,,,,,,
FL-96,,,,,,,,,,,,
FL-97,,,,,,,,,,,,
FL-98,,,,,,,,,,,,
FL-99,,,,,,,,,,,,
FL-100,,,,,,,,,,,,
FL-101,,,,,,,,,,,,
FL-102,,,,,,,,,,,,
FL-103,,,,,,,,,,,,
FL-104,,,,,,,,,,,,
FL-105,,,,,,,,,,,,
FL-106,,,,,,,,,,,,
FL-107,,,,,,,,,,,,
FL-108,,,,,,,,,,,,
FL-109,,,,,,,,,,,,
FL-110,,,,,,,,,,,,
FL-111,,,,,,,,,,,,
FL-112,,,,,,,,,,,,
FL-113,,,,,,,,,,,,
FL-114,,,,,,,,,,,,
FL-115,,,,,,,,,,,,
FL-116,,,,,,,,,,,,
FL-117,,,,,,,,,,,,
FL-118,,,,,,,,,,,,
FL-119,,,,,,,,,,,,
FL-120,,,,,,,,,,,,
FL-121,,,,,,,,,,,,
FL-122,,,,,,,,,,,,
FL-123,,,,,,,,,,,,
FL-124,,,,,,,,,,,,
FL-125,,,,,,,,,,,,
FL-126,,,,,,,,,,,,
FL-127,,,,,,,,,,,,
FL-128,,,,,,,,,,,,
FL-129,,,,,,,,,,,,
FL-130,,,,,,,,,,,,
FL-131,,,,,,,,,,,,
FL-132,,,,,,,,,,,,
FL-133,,,,,,,,,,,,
FL-134,,,,,,,,,,,,
FL-135,,,,,,,,,,,,
FL-136,,,,,,,,,,,,
FL-137,,,,,,,,,,,,
FL-138,,,,,,,,,,,,
FL-139,,,,,,,,,,,,
FL-140,,,,,,,,,,,,
FL-141,,,,,,,,,,,,
FL-142,,,,,,,,,,,,
FL-143,,,,,,,,,,,,
FL-144,,,,,,,,,,,,
FL-145,,,,,,,,,,,,
FL-146,,,,,,,,,,,,
FL-147,,,,,,,,,,,,
FL-148,,,,,,,,,,,,
FL-149,,,,,,,,,,,,
FL-150,,,,,,,,,,,,
FL-151,,,,,,,,,,,,
FL-152,,,,,,,,,,,,
FL-153,,,,,,,,,,,,
FL-154,,,,,,,,,,,,
FL-155,,,,,,,,,,,,
FL-156,,,,,,,,,,,,
FL-157,,,,,,,,,,,,
FL-158,,,,,,,,,,,,
FL-159,,,,,,,,,,,,
FL-160,,,,,,,,,,,,
FL-161,,,,,,,,,,,,
FL-162,,,,,,,,,,,,
FL-163,,,,,,,,,,,,
FL-164,,,,,,,,,,,,
FL-165,,,,,,,,,,,,
FL-166,,,,,,,,,,,,
FL-167,,,,,,,,,,,,
FL-168,,,,,,,,,,,,
FL-169,,,,,,,,,,,,
FL-170,,,,,,,,,,,,
FL-171,,,,,,,,,,,,
FL-172,,,,,,,,,,,,
FL-173,,,,,,,,,,,,
FL-174,,,,,,,,,,,,
FL-175,,,,,,,,,,,,
FL-176,,,,,,,,,,,,
FL-177,,,,,,,,,,,,
FL-178,,,,,,,,,,,,
FL-179,,,,,,,,,,,,
FL-180,,,,,,,,,,,,
FL-181,,,,,,,,,,,,
FL-182,,,,,,,,,,,,
FL-183,,,,,,,,,,,,
FL-184,,,,,,,,,,,,
FL-185,,,,,,,,,,,,
FL-186,,,,,,,,,,,,
FL-187,,,,,,,,,,,,
FL-188,,,,,,,,,,,,
FL-189,,,,,,,,,,,,
FL-190,,,,,,,,,,,,
FL-191,,,,,,,,,,,,
FL-192,,,,,,,,,,,,
FL-193,,,,,,,,,,,,
FL-194,,,,,,,,,,,,
FL-195,,,,,,,,,,,,
FL-196,,,,,,,,,,,,
FL-197,,,,,,,,,,,,
FL-198,,,,,,,,,,,,
FL-199,,,,,,,,,,,,
FL-200,,,,,,,,,,,,
FL-201,,,,,,,,,,,,
FL-202,,,,,,,,,,,,
FL-203,,,,,,,,,,,,
FL-204,,,,,,,,,,,,
FL-205,,,,,,,,,,,,
FL-206,,,,,,,,,,,,
FL-207,,,,,,,,,,,,
FL-208,,,,,,,,,,,,
FL-209,,,,,,,,,,,,
FL-210,,,,,,,,,,,,
FL-211,,,,,,,,,,,,
FL-212,,,,,,,,,,,,
FL-213,,,,,,,,,,,,
FL-214,,,,,,,,,,,,
FL-215,,,,,,,,,,,,
GA-1,,,,,,,32533,19579,12954,,,
GA-2,,,,,,,38989,25470,13519,,,
GA-3,,,,,,,41492,24546,16946,,,
GA-4,,,,,,,38476,22280,16196,,,
GA-5,,,,,,,36067,18741,17326,,,
GA-6,,,,,,,41208,15522,25686,,,
GA-7,,,,,,,39765,20185,19580,,,
GA-8,,,,,,,39996,26894,13102,,,
GA-9,,,,,,,34638,13212,21426,,,
GA-10,,,,,,,39210,13659,25551,,,
GA-11,,,,,,,32281,15707,16574,,,
GA-12,,,,,,,37244,10205,27039,,,
GA-13,,,,,,,45657,26561,19096,,,
GA-14,,,,,,,41643,25521,16122,,,
GA-15,,,,,,,33957,20468,13489,,,
GA-16,,,,,,,30931,16744,14187,,,
GA-17,,,,,,,41687,15359,26328,,,
GA-18,,,,,,,33348,10186,23162,,,
GA-19,,,,,,,43228,12316,30912,,,
GA-20,,,,,,,35254,13105,22149,,,
GA-21,,,,,,,37168,6186,30982,,,
GA-22,,,,,,,34284,8681,25603,,,
GA-23,,,,,,,35200,11376,23824,,,
GA-24,,,,,,,39514,13190,26324,,,
GA-25,,,,,,,36214,10364,25850,,,
GA-26,,,,,,,44870,18661,26209,,,
GA-27,,,,,,,41195,21331,19864,,,
GA-28,,,,,,,39067,30086,8981,,,
GA-29,,,,,,,38197,23655,14542,,,
GA-30,,,,,,,51446,18094,33352,,,
GA-31,,,,,,,45894,17735,28159,,,
GA-32,,,,,,,50864,18940,31924,,,
GA-33,,,,,,,36074,26454,9620,,,
GA-34,,,,,,,42539,12302,30237,,,
GA-35,,,,,,,43475,13378,30097,,,
GA-36,,,,,,,53129,13314,39815,,,
GA-37,,,,,,,44727,16744,27983,,,
GA-38,,,,,,,56298,28491,27807,,,
GA-39,,,,,,,40687,25016,15671,,,
GA-40,,,,,,,44193,25207,18986,,,
GA-41,,,,,,,51446,29407,22039,,,
GA-42,,,,,,,37774,32145,5629,,,
GA-43,,,,,,,31083,27124,3959,,,
GA-44,,,,,,,34097,31920,2177,,,
GA-45,,,,,,,45290,31008,14282,,,
GA-46,,,,,,,44244,26871,17373,,,
GA-47,,,,,,,45486,11719,33767,,,
GA-48,,,,,,,46917,19227,27690,,,
GA-49,,,,,,,43865,23450,20415,,,
GA-50,,,,,,,40469,22497,17972,,,
GA-51,,,,,,,38156,23650,14506,,,
GA-52,,,,,,,30698,22157,8541,,,
GA-53,,,,,,,41424,26507,14917,,,
GA-54,,,,,,,46097,35457,10640,,,
GA-55,,,,,,,40221,23994,16227,,,
GA-56,,,,,,,20592,15440,5152,,,
GA-57,,,,,,,45380,25534,19846,,,
GA-58,,,,,,,36388,24425,11963,,,
GA-59,,,,,,,46019,32785,13234,,,
GA-60,,,,,,,44326,39629,4697,,,
GA-61,,,,,,,43679,35488,8191,,,
GA-62,,,,,,,44048,42516,1532,,,
GA-63,,,,,,,48122,46881,1241,,,
GA-64,,,,,,,51411,49017,2394,,,
GA-65,,,,,,,48820,26455,22365,,,
GA-66,,,,,,,51966,24022,27944,,,
GA-67,,,,,,,50220,26324,23896,,,
GA-68,,,,,,,55082,26709,28373,,,
GA-69,,,,,,,43077,26189,16888,,,
GA-70,,,,,,,46732,28019,18713,,,
GA-71,,,,,,,38844,36379,2465,,,
GA-72,,,,,,,38408,36043,2365,,,
GA-73,,,,,,,53827,44795,9032,,,
GA-74,,,,,,,56592,26099,30493,,,
GA-75,,,,,,,50264,22499,27765,,,
GA-76,,,,,,,50332,23865,26467,,,
GA-77,,,,,,,38315,23662,14653,,,
GA-78,,,,,,,33648,23101,10547,,,
GA-79,,,,,,,42058,31777,10281,,,
GA-80,,,,,,,44238,31927,12311,,,
GA-81,,,,,,,46369,45329,1040,,,
GA-82,,,,,,,37118,35049,2069,,,
GA-83,,,,,,,42610,32962,9648,,,
GA-84,,,,,,,42264,29705,12559,,,
GA-85,,,,,,,41658,20246,21412,,,
GA-86,,,,,,,42590,14687,27903,,,
GA-87,,,,,,,44598,15625,28973,,,
GA-88,,,,,,,39803,7159,32644,,,
GA-89,,,,,,,39032,13407,25625,,,
GA-90,,,,,,,41607,9776,31831,,,
GA-91,,,,,,,42844,8210,34634,,,
GA-92,,,,,,,34840,10174,24666,,,
GA-93,,,,,,,41354,11697,29657,,,
GA-94,,,,,,,44342,17924,26418,,,
GA-95,,,,,,,47479,14766,32713,,,
GA-96,,,,,,,49742,10316,39426,,,
GA-97,,,,,,,47811,16757,31054,,,
GA-98,,,,,,,46822,15152,31670,,,
GA-99,,,,,,,39120,9975,29145,,,
GA-100,,,,,,,38029,11590,26439,,,
GA-101,,,,,,,35643,6304,29339,,,
GA-102,,,,,,,39258,8662,30596,,,
GA-103,,,,,,,43695,8552,35143,,,
GA-104,,,,,,,49497,9300,40197,,,
GA-105,,,,,,,49459,8438,41021,,,
GA-106,,,,,,,33348,5957,27391,,,
GA-107,,,,,,,31728,9216,22512,,,
HI-1,,,,,,,,,,,,
HI-2,,,,,,,,,,,,
HI-3,,,,,,,,,,,,
HI-4,,,,,,,,,,,,
HI-5,,,,,,,,,,,,
HI-6,,,,,,,,,,,,
HI-7,,,,,,,,,,,,
HI-8,,,,,,,,,,,,
HI-9,,,,,,,,,,,,
HI-10,,,,,,,,,,,,
HI-11,,,,,,,,,,,,
HI-12,,,,,,,,,,,,
HI-13,,,,,,,,,,,,
HI-14,,,,,,,,,,,,
HI-15,,,,,,,,,,,,
IA-1,,,,,,,,,,,,
IA-2,,,,,,,,,,,,
IA-3,,,,,,,,,,,,
IA-4,,,,,,,,,,,,
IA-5,,,,,,,,,,,,
IA-6,,,,,,,,,,,,
IA-7,,,,,,,,,,,,
IA-8,,,,,,,,,,,,
IA-9,,,,,,,,,,,,
IA-10,,,,,,,,,,,,
IA-11,,,,,,,,,,,,
IA-12,,,,,,,,,,,,
IA-13,,,,,,,,,,,,
IA-14,,,,,,,,,,,,
IA-15,,,,,,,,,,,,
IA-16,,,,,,,,,,,,
IA-17,,,,,,,,,,,,
IA-18,,,,,,,,,,,,
IA-19,,,,,,,,,,,,
IA-20,,,,,,,,,,,,
IA-21,,,,,,,,,,,,
IA-22,,,,,,,,,,,,
IA-23,,,,,,,,,,,,
IA-24,,,,,,,,,,,,
IA-25,,,,,,,,,,,,
IA-26,,,,,,,,,,,,
IA-27,,,,,,,,,,,,
IA-28,,,,,,,,,,,,
IA-29,,,,,,,,,,,,
IA-30,,,,,,,,,,,,
IA-31,,,,,,,,,,,,
IA-32,,,,,,,,,,,,
ID-1,,,,,,,,,,,,
ID-2,,,,,,,,,,,,
ID-3,,,,,,,,,,,,
ID-4,,,,,,,,,,,,
ID-5,,,,,,,,,,,,
ID-6,,,,,,,,,,,,
ID-7,,,,,,,,,,,,
ID-8,,,,,,,,,,,,
ID-9,,,,,,,,,,,,
ID-10,,,,,,,,,,,,
ID-11,,,,,,,,,,,,
ID-12,,,,,,,,,,,,
ID-13,,,,,,,,,,,,
ID-14,,,,,,,,,,,,
ID-15,,,,,,,,,,,,
ID-16,,,,,,,,,,,,
ID-17,,,,,,,,,,,,
ID-18,,,,,,,,,,,,
IL-1,,,,,,,,,,,,
IL-2,,,,,,,,,,,,
IL-3,,,,,,,,,,,,
IL-4,,,,,,,,,,,,
IL-5,,,,,,,,,,,,
IL-6,,,,,,,,,,,,
IL-7,,,,,,,,,,,,
IL-8,,,,,,,,,,,,
IL-9,,,,,,,,,,,,
IL-10,,,,,,,,,,,,
IL-11,,,,,,,,,,,,
IL-12,,,,,,,,,,,,
IL-13,,,,,,,,,,,,
IL-14,,,,,,,,,,,,
IL-15,,,,,,,,,,,,
IL-16,,,,,,,,,,,,
IL-17,,,,,,,,,,,,
IL-18,,,,,,,,,,,,
IL-19,,,,,,,,,,,,
IL-20,,,,,,,,,,,,
IL-21,,,,,,,,,,,,
IL-22,,,,,,,,,,,,
IL-23,,,,,,,,,,,,
IL-24,,,,,,,,,,,,
IL-25,,,,,,,,,,,,
IL-26,,,,,,,,,,,,
IL-27,,,,,,,,,,,,
IL-28,,,,,,,,,,,,
IL-29,,,,,,,,,,,,
IL-30,,,,,,,,,,,,
IL-31,,,,,,,,,,,,
IL-32,,,,,,,,,,,,
IL-33,,,,,,,,,,,,
IL-34,,,,,,,,,,,,
IL-35,,,,,,,,,,,,
IL-36,,,,,,,,,,,,
IL-37,,,,,,,,,,,,
IL-38,,,,,,,,,,,,
IL-39,,,,,,,,,,,,
IL-40,,,,,,,,,,,,
IL-41,,,,,,,,,,,,
IL-42,,,,,,,,,,,,
IL-43,,,,,,,,,,,,
IL-44,,,,,,,,,,,,
IL-45,,,,,,,,,,,,
IL-46,,,,,,,,,,,,
IL-47,,,,,,,,,,,,
IL-48,,,,,,,,,,,,
IL-49,,,,,,,,,,,,
IL-50,,,,,,,,,,,,
IL-51,,,,,,,,,,,,
IL-52,,,,,,,,,,,,
IL-53,,,,,,,,,,,,
IL-54,,,,,,,,,,,,
IL-55,,,,,,,,,,,,
IL-56,,,,,,,,,,,,
IL-57,,,,,,,,,,,,
IL-58,,,,,,,,,,,,
IL-59,,,,,,,,,,,,
IL-60,,,,,,,,,,,,
IL-61,,,,,,,,,,,,
IL-62,,,,,,,,,,,,
IL-63,,,,,,,,,,,,
IL-64,,,,,,,,,,,,
IL-65,,,,,,,,,,,,
IL-66,,,,,,,,,,,,
IL-67,,,,,,,,,,,,
IL-68,,,,,,,,,,,,
IL-69,,,,,,,,,,,,
IL-70,,,,,,,,,,,,
IL-71,,,,,,,,,,,,
IL-72,,,,,,,,,,,,
IL-73,,,,,,,,,,,,
IL-74,,,,,,,,,,,,
IL-75,,,,,,,,,,,,
IL-76,,,,,,,,,,,,
IL-77,,,,,,,,,,,,
IL-78,,,,,,,,,,,,
IL-79,,,,,,,,,,,,
IL-80,,,,,,,,,,,,
IL-81,,,,,,,,,,,,
IL-82,,,,,,,,,,,,
IL-83,,,,,,,,,,,,
IL-84,,,,,,,,,,,,
IL-85,,,,,,,,,,,,
IL-86,,,,,,,,,,,,
IL-87,,,,,,,,,,,,
IL-88,,,,,,,,,,,,
IL-89,,,,,,,,,,,,
IL-90,,,,,,,,,,,,
IL-91,,,,,,,,,,,,
IL-92,,,,,,,,,,,,
IL-93,,,,,,,,,,,,
IL-94,,,,,,,,,,,,
IL-95,,,,,,,,,,,,
IL-96,,,,,,,,,,,,
IL-97,,,,,,,,,,,,
IL-98,,,,,,,,,,,,
IL-99,,,,,,,,,,,,
IL-100,,,,,,,,,,,,
IL-101,,,,,,,,,,,,
IL-102,,,,,,,,,,,,
IL-103,,,,,,,,,,,,
IL-104,,,,,,,,,,,,
IL-105,,,,,,,,,,,,
IL-106,,,,,,,,,,,,
IL-107,,,,,,,,,,,,
IL-108,,,,,,,,,,,,
IL-109,,,,,,,,,,,,
IL-110,,,,,,,,,,,,
IL-111,,,,,,,,,,,,
IL-112,,,,,,,,,,,,
IL-113,,,,,,,,,,,,
IL-114,,,,,,,,,,,,
IL-115,,,,,,,,,,,,
IL-116,,,,,,,,,,,,
IL-117,,,,,,,,,,,,
IL-118,,,,,,,,,,,,
IL-119,,,,,,,,,,,,
IL-120,,,,,,,,,,,,
IL-121,,,,,,,,,,,,
IL-122,,,,,,,,,,,,
IL-123,,,,,,,,,,,,
IL-124,,,,,,,,,,,,
IL-125,,,,,,,,,,,,
IL-126,,,,,,,,,,,,
IL-127,,,,,,,,,,,,
IL-128,,,,,,,,,,,,
IN-1,,,,,,,,,,,,
IN-2,,,,,,,,,,,,
IN-3,,,,,,,,,,,,
IN-4,,,,,,,,,,,,
IN-5,,,,,,,,,,,,
IN-6,,,,,,,,,,,,
IN-7,,,,,,,,,,,,
IN-8,,,,,,,,,,,,
IN-9,,,,,,,,,,,,
IN-10,,,,,,,,,,,,
IN-11,,,,,,,,,,,,
IN-12,,,,,,,,,,,,
IN-13,,,,,,,,,,,,
IN-14,,,,,,,,,,,,
IN-15,,,,,,,,,,,,
IN-16,,,,,,,,,,,,
IN-17,,,,,,,,,,,,
IN-18,,,,,,,,,,,,
IN-19,,,,,,,,,,,,
IN-20,,,,,,,,,,,,
IN-21,,,,,,,,,,,,
IN-22,,,,,,,,,,,,
IN-23,,,,,,,,,,,,
IN-24,,,,,,,,,,,,
IN-25,,,,,,,,,,,,
IN-26,,,,,,,,,,,,
IN-27,,,,,,,,,,,,
IN-28,,,,,,,,,,,,
IN-29,,,,,,,,,,,,
IN-30,,,,,,,,,,,,
IN-31,,,,,,,,,,,,
IN-32,,,,,,,,,,,,
IN-33,,,,,,,,,,,,
IN-34,,,,,,,,,,,,
IN-35,,,,,,,,,,,,
IN-36,,,,,,,,,,,,
IN-37,,,,,,,,,,,,
IN-38,,,,,,,,,,,,
IN-39,,,,,,,,,,,,
IN-40,,,,,,,,,,,,
IN-41,,,,,,,,,,,,
IN-42,,,,,,,,,,,,
IN-43,,,,,,,,,,,,
IN-44,,,,,,,,,,,,
IN-45,,,,,,,,,,,,
IN-46,,,,,,,,,,,,
IN-47,,,,,,,,,,,,
IN-48,,,,,,,,,,,,
IN-49,,,,,,,,,,,,
IN-50,,,,,,,,,,,,
IN-51,,,,,,,,,,,,
IN-52,,,,,,,,,,,,
IN-53,,,,,,,,,,,,
IN-54,,,,,,,,,,,,
IN-55,,,,,,,,,,,,
IN-56,,,,,,,,,,,,
IN-57,,,,,,,,,,,,
IN-58,,,,,,,,,,,,
IN-59,,,,,,,,,,,,
IN-60,,,,,,,,,,,,
IN-61,,,,,,,,,,,,
IN-62,,,,,,,,,,,,
IN-63,,,,,,,,,,,,
IN-64,,,,,,,,,,,,
IN-65,,,,,,,,,,,,
IN-66,,,,,,,,,,,,
IN-67,,,,,,,,,,,,
IN-68,,,,,,,,,,,,
KS-1,,,,,,,,,,,,
KS-2,,,,,,,,,,,,
KS-3,,,,,,,,,,,,
KS-4,,,,,,,,,,,,
KS-5,,,,,,,,,,,,
KS-6,,,,,,,,,,,,
KS-7,,,,,,,,,,,,
KS-8,,,,,,,,,,,,
KS-9,,,,,,,,,,,,
KS-10,,,,,,,,,,,,
KS-11,,,,,,,,,,,,
KS-12,,,,,,,,,,,,
KS-13,,,,,,,,,,,,
KS-14,,,,,,,,,,,,
KS-15,,,,,,,,,,,,
KS-16,,,,,,,,,,,,
KS-17,,,,,,,,,,,,
KS-18,,,,,,,,,,,,
KS-19,,,,,,,,,,,,
KS-20,,,,,,,,,,,,
KS-21,,,,,,,,,,,,
KS-22,,,,,,,,,,,,
KS-23,,,,,,,,,,,,
KS-24,,,,,,,,,,,,
KS-25,,,,,,,,,,,,
KS-26,,,,,,,,,,,,
KS-27,,,,,,,,,,,,
KS-28,,,,,,,,,,,,
KS-29,,,,,,,,,,,,
KY-1,,,,,,,,,,,,
KY-2,,,,,,,,,,,,
KY-3,,,,,,,,,,,,
KY-4,,,,,,,,,,,,
KY-5,,,,,,,,,,,,
KY-6,,,,,,,,,,,,
KY-7,,,,,,,,,,,,
KY-8,,,,,,,,,,,,
KY-9,,,,,,,,,,,,
KY-10,,,,,,,,,,,,
KY-11,,,,,,,,,,,,
KY-12,,,,,,,,,,,,
KY-13,,,,,,,,,,,,
KY-14,,,,,,,,,,,,
KY-15,,,,,,,,,,,,
KY-16,,,,,,,,,,,,
KY-17,,,,,,,,,,,,
KY-18,,,,,,,,,,,,
KY-19,,,,,,,,,,,,
KY-20,,,,,,,,,,,,
KY-21,,,,,,,,,,,,
KY-22,,,,,,,,,,,,
KY-23,,,,,,,,,,,,
KY-24,,,,,,,,,,,,
KY-25,,,,,,,,,,,,
KY-26,,,,,,,,,,,,
KY-27,,,,,,,,,,,,
KY-28,,,,,,,,,,,,
KY-29,,,,,,,,,,,,
KY-30,,,,,,,,,,,,
KY-31,,,,,,,,,,,,
KY-32,,,,,,,,,,,,
KY-33,,,,,,,,,,,,
KY-34,,,,,,,,,,,,
KY-35,,,,,,,,,,,,
KY-36,,,,,,,,,,,,
KY-37,,,,,,,,,,,,
KY-38,,,,,,,,,,,,
KY-39,,,,,,,,,,,,
KY-40,,,,,,,,,,,,
KY-41,,,,,,,,,,,,
KY-42,,,,,,,,,,,,
KY-43,,,,,,,,,,,,
KY-44,,,,,,,,,,,,
KY-45,,,,,,,,,,,,
LA-1,,,,,,,,,,,,
LA-2,,,,,,,,,,,,
LA-3,,,,,,,,,,,,
LA-4,,,,,,,,,,,,
LA-5,,,,,,,,,,,,
LA-6,,,,,,,,,,,,
LA-7,,,,,,,,,,,,
LA-8,,,,,,,,,,,,
LA-9,,,,,,,,,,,,
LA-10,,,,,,,,,,,,
LA-11,,,,,,,,,,,,
LA-12,,,,,,,,,,,,
LA-13,,,,,,,,,,,,
LA-14,,,,,,,,,,,,
LA-15,,,,,,,,,,,,
LA-16,,,,,,,,,,,,
LA-17,,,,,,,,,,,,
LA-18,,,,,,,,,,,,
LA-19,,,,,,,,,,,,
LA-20,,,,,,,,,,,,
LA-21,,,,,,,,,,,,
LA-22,,,,,,,,,,,,
LA-23,,,,,,,,,,,,
LA-24,,,,,,,,,,,,
LA-25,,,,,,,,,,,,
LA-26,,,,,,,,,,,,
LA-27,,,,,,,,,,,,
LA-28,,,,,,,,,,,,
LA-29,,,,,,,,,,,,
LA-30,,,,,,,,,,,,
LA-31,,,,,,,,,,,,
LA-32,,,,,,,,,,,,
LA-33,,,,,,,,,,,,
LA-34,,,,,,,,,,,,
LA-35,,,,,,,,,,,,
LA-36,,,,,,,,,,,,
LA-37,,,,,,,,,,,,
LA-38,,,,,,,,,,,,
LA-39,,,,,,,,,,,,
LA-40,,,,,,,,,,,,
LA-41,,,,,,,,,,,,
LA-42,,,,,,,,,,,,
LA-43,,,,,,,,,,,,
LA-44,,,,,,,,,,,,
LA-45,,,,,,,,,,,,
LA-46,,,,,,,,,,,,
LA-47,,,,,,,,,,,,
MA-1,,,,,,,,,,,,
MA-2,,,,,,,,,,,,
MA-3,,,,,,,,,,,,
MA-4,,,,,,,,,,,,
MA-5,,,,,,,,,,,,
MA-6,,,,,,,,,,,,
MA-7,,,,,,,,,,,,
MA-8,,,,,,,,,,,,
MA-9,,,,,,,,,,,,
MA-10,,,,,,,,,,,,
MA-11,,,,,,,,,,,,
MA-12,,,,,,,,,,,,
MA-13,,,,,,,,,,,,
MA-14,,,,,,,,,,,,
MA-15,,,,,,,,,,,,
MA-16,,,,,,,,,,,,
MA-17,,,,,,,,,,,,
MA-18,,,,,,,,,,,,
MA-19,,,,,,,,,,,,
MA-20,,,,,,,,,,,,
MA-21,,,,,,,,,,,,
MA-22,,,,,,,,,,,,
MA-23,,,,,,,,,,,,
MA-24,,,,,,,,,,,,
MA-25,,,,,,,,,,,,
MA-26,,,,,,,,,,,,
MA-27,,,,,,,,,,,,
MA-28,,,,,,,,,,,,
MA-29,,,,,,,,,,,,
MA-30,,,,,,,,,,,,
MA-31,,,,,,,,,,,,
MA-32,,,,,,,,,,,,
MA-33,,,,,,,,,,,,
MA-34,,,,,,,,,,,,
MA-35,,,,,,,,,,,,
MA-36,,,,,,,,,,,,
MA-37,,,,,,,,,,,,
MA-38,,,,,,,,,,,,
MA-39,,,,,,,,,,,,
MA-40,,,,,,,,,,,,
MA-41,,,,,,,,,,,,
MA-42,,,,,,,,,,,,
MA-43,,,,,,,,,,,,
MA-44,,,,,,,,,,,,
MA-45,,,,,,,,,,,,
MA-46,,,,,,,,,,,,
MA-47,,,,,,,,,,,,
MA-48,,,,,,,,,,,,
MA-49,,,,,,,,,,,,
MA-50,,,,,,,,,,,,
MA-51,,,,,,,,,,,,
MA-52,,,,,,,,,,,,
MA-53,,,,,,,,,,,,
MA-54,,,,,,,,,,,,
MA-55,,,,,,,,,,,,
MA-56,,,,,,,,,,,,
MA-57,,,,,,,,,,,,
MA-58,,,,,,,,,,,,
MA-59,,,,,,,,,,,,
MA-60,,,,,,,,,,,,
MA-61,,,,,,,,,,,,
MA-62,,,,,,,,,,,,
MA-63,,,,,,,,,,,,
MA-64,,,,,,,,,,,,
MA-65,,,,,,,,,,,,
MA-66,,,,,,,,,,,,
MA-67,,,,,,,,,,,,
MA-68,,,,,,,,,,,,
MA-69,,,,,,,,,,,,
MA-70,,,,,,,,,,,,
MD-1,,,,,,,,,,,,
MD-2,,,,,,,,,,,,
MD-3,,,,,,,,,,,,
MD-4,,,,,,,,,,,,
MD-5,,,,,,,,,,,,
MD-6,,,,,,,,,,,,
MD-7,,,,,,,,,,,,
MD-8,,,,,,,,,,,,
MD-9,,,,,,,,,,,,
MD-10,,,,,,,,,,,,
MD-11,,,,,,,,,,,,
MD-12,,,,,,,,,,,,
MD-13,,,,,,,,,,,,
MD-14,,,,,,,,,,,,
MD-15,,,,,,,,,,,,
MD-16,,,,,,,,,,,,
MD-17,,,,,,,,,,,,
MD-18,,,,,,,,,,,,
MD-19,,,,,,,,,,,,
MD-20,,,,,,,,,,,,
MD-21,,,,,,,,,,,,
MD-22,,,,,,,,,,,,
MD-23,,,,,,,,,,,,
MD-24,,,,,,,,,,,,
MD-25,,,,,,,,,,,,
MD-26,,,,,,,,,,,,
MD-27,,,,,,,,,,,,
MD-28,,,,,,,,,,,,
MD-29,,,,,,,,,,,,
MD-30,,,,,,,,,,,,
MD-31,,,,,,,,,,,,
MD-32,,,,,,,,,,,,
MD-33,,,,,,,,,,,,
MD-34,,,,,,,,,,,,
MD-35,,,,,,,,,,,,
MD-36,,,,,,,,,,,,
MD-37,,,,,,,,,,,,
MD-38,,,,,,,,,,,,
MD-39,,,,,,,,,,,,
MD-40,,,,,,,,,,,,
MD-41,,,,,,,,,,,,
MD-42,,,,,,,,,,,,
MD-43,,,,,,,,,,,,
MD-44,,,,,,,,,,,,
MD-45,,,,,,,,,,,,
MD-46,,,,,,,,,,,,
MD-47,,,,,,,,,,,,
MD-48,,,,,,,,,,,,
MD-49,,,,,,,,,,,,
MD-50,,,,,,,,,,,,
MD-51,,,,,,,,,,,,
MD-52,,,,,,,,,,,,
MD-53,,,,,,,,,,,,
MD-54,,,,,,,,,,,,
MD-55,,,,,,,,,,,,
MD-56,,,,,,,,,,,,
MD-57,,,,,,,,,,,,
MD-58,,,,,,,,,,,,
MD-59,,,,,,,,,,,,
MD-60,,,,,,,,,,,,
MD-61,,,,,,,,,,,,
MD-62,,,,,,,,,,,,
ME-1,,,,,,,,,,,,
ME-2,,,,,,,,,,,,
ME-3,,,,,,,,,,,,
ME-4,,,,,,,,,,,,
ME-5,,,,,,,,,,,,
ME-6,,,,,,,,,,,,
ME-7,,,,,,,,,,,,
ME-8,,,,,,,,,,,,
ME-9,,,,,,,,,,,,
ME-10,,,,,,,,,,,,
ME-11,,,,,,,,,,,,
ME-12,,,,,,,,,,,,
ME-13,,,,,,,,,,,,
ME-14,,,,,,,,,,,,
MI-1,,,,,,,,,,,,
MI-2,,,,,,,,,,,,
MI-3,,,,,,,,,,,,
MI-4,,,,,,,,,,,,
MI-5,,,,,,,,,,,,
MI-6,,,,,,,,,,,,
MI-7,,,,,,,,,,,,
MI-8,,,,,,,,,,,,
MI-9,,,,,,,,,,,,
MI-10,,,,,,,,,,,,
MI-11,,,,,,,,,,,,
MI-12,,,,,,,,,,,,
MI-13,,,,,,,,,,,,
MI-14,,,,,,,,,,,,
MI-15,,,,,,,,,,,,
MI-16,,,,,,,,,,,,
MI-17,,,,,,,,,,,,
MI-18,,,,,,,,,,,,
MI-19,,,,,,,,,,,,
MI-20,,,,,,,,,,,,
MI-21,,,,,,,,,,,,
MI-22,,,,,,,,,,,,
MI-23,,,,,,,,,,,,
MI-24,,,,,,,,,,,,
MI-25,,,,,,,,,,,,
MI-26,,,,,,,,,,,,
MI-27,,,,,,,,,,,,
MI-28,,,,,,,,,,,,
MI-29,,,,,,,,,,,,
MI-30,,,,,,,,,,,,
MI-31,,,,,,,,,,,,
MI-32,,,,,,,,,,,,
MI-33,,,,,,,,,,,,
MI-34,,,,,,,,,,,,
MI-35,,,,,,,,,,,,
MI-36,,,,,,,,,,,,
MI-37,,,,,,,,,,,,
MI-38,,,,,,,,,,,,
MI-39,,,,,,,,,,,,
MI-40,,,,,,,,,,,,
MI-41,,,,,,,,,,,,
MI-42,,,,,,,,,,,,
MI-43,,,,,,,,,,,,
MI-44,,,,,,,,,,,,
MI-45,,,,,,,,,,,,
MI-46,,,,,,,,,,,,
MI-47,,,,,,,,,,,,
MI-48,,,,,,,,,,,,
MI-49,,,,,,,,,,,,
MI-50,,,,,,,,,,,,
MI-51,,,,,,,,,,,,
MI-52,,,,,,,,,,,,
MI-53,,,,,,,,,,,,
MI-54,,,,,,,,,,,,
MI-55,,,,,,,,,,,,
MI-56,,,,,,,,,,,,
MI-57,,,,,,,,,,,,
MI-58,,,,,,,,,,,,
MI-59,,,,,,,,,,,,
MI-60,,,,,,,,,,,,
MI-61,,,,,,,,,,,,
MI-62,,,,,,,,,,,,
MI-63,,,,,,,,,,,,
MI-64,,,,,,,,,,,,
MI-65,,,,,,,,,,,,
MI-66,,,,,,,,,,,,
MI-67,,,,,,,,,,,,
MI-68,,,,,,,,,,,,
MI-69,,,,,,,,,,,,
MI-70,,,,,,,,,,,,
MI-71,,,,,,,,,,,,
MI-72,,,,,,,,,,,,
MI-73,,,,,,,,,,,,
MI-74,,,,,,,,,,,,
MI-75,,,,,,,,,,,,
MI-76,,,,,,,,,,,,
MI-77,,,,,,,,,,,,
MI-78,,,,,,,,,,,,
MI-79,,,,,,,,,,,,
MI-80,,,,,,,,,,,,
MI-81,,,,,,,,,,,,
MI-82,,,,,,,,,,,,
MI-83,,,,,,,,,,,,
MI-84,,,,,,,,,,,,
MI-85,,,,,,,,,,,,
MI-86,,,,,,,,,,,,
MI-87,,,,,,,,,,,,
MI-88,,,,,,,,,,,,
MI-89,,,,,,,,,,,,
MI-90,,,,,,,,,,,,
MI-91,,,,,,,,,,,,
MI-92,,,,,,,,,,,,
MI-93,,,,,,,,,,,,
MI-94,,,,,,,,,,,,
MI-95,,,,,,,,,,,,
MI-96,,,,,,,,,,,,
MI-97,,,,,,,,,,,,
MI-98,,,,,,,,,,,,
MI-99,,,,,,,,,,,,
MI-100,,,,,,,,,,,,
MI-101,,,,,,,,,,,,
MN-1,,,,42416,17014,23392,,,,,,
MN-2,,,,45031,19748,23224,,,,,,
MN-3,,,,42563,22373,18122,,,,,,
MN-4,,,,44245,23310,19023,,,,,,
MN-5,,,,45680,24336,19108,,,,,,
MN-6,,,,52812,31332,19439,,,,,,
MN-7,,,,47987,26441,19653,,,,,,
MN-8,,,,50806,25777,22716,,,,,,
MN-9,,,,53293,25424,25538,,,,,,
MN-10,,,,50269,29262,18785,,,,,,
MN-11,,,,46388,29466,14599,,,,,,
MN-12,,,,28646,20481,5587,,,,,,
MN-13,,,,39371,30863,5781,,,,,,
MN-14,,,,57686,45796,9695,,,,,,
MN-15,,,,41147,23923,14620,,,,,,
MN-16,,,,45453,22103,21179,,,,,,
MN-17,,,,44662,19487,22879,,,,,,
MN-18,,,,45113,15296,27406,,,,,,
MN-19,,,,47519,38140,7283,,,,,,
MN-20,,,,31765,24176,4992,,,,,,
MN-21,,,,37672,32443,3333,,,,,,
MN-22,,,,59041,49884,7008,,,,,,
MN-23,,,,57884,46315,9541,,,,,,
MN-24,,,,47897,28687,17091,,,,,,
MN-25,,,,36619,23092,11489,,,,,,
MN-26,,,,50579,34431,13725,,,,,,
MN-27,,,,52763,34543,16540,,,,,,
MN-28,,,,54662,31370,21602,,,,,,
MN-29,,,,51552,29878,20049,,,,,,
MN-30,,,,48483,24533,22164,,,,,,
MN-31,,,,51327,21970,27622,,,,,,
MN-32,,,,47238,20993,24506,,,,,,
MN-33,,,,41406,15464,23803,,,,,,
MN-34,,,,42812,14458,26266,,,,,,
MN-35,,,,43760,22410,19685,,,,,,
MN-36,,,,41955,21994,18107,,,,,,
MN-37,,,,44180,21067,20862,,,,,,
MN-38,,,,46215,23276,20722,,,,,,
MN-39,,,,43115,17181,23673,,,,,,
MN-40,,,,43007,17102,23588,,,,,,
MN-41,,,,40289,15508,22790,,,,,,
MN-42,,,,41692,15984,23721,,,,,,
MN-43,,,,39403,18736,18448,,,,,,
MN-44,,,,42495,13906,26871,,,,,,
MN-45,,,,45299,18260,24845,,,,,,
MN-46,,,,45398,17034,26725,,,,,,
MN-47,,,,42344,16464,23930,,,,,,
MN-48,,,,37464,19072,16451,,,,,,
MN-49,,,,41484,17514,21986,,,,,,
MN-50,,,,42702,14491,26247,,,,,,
MN-51,,,,45279,16928,26175,,,,,,
MN-52,,,,44010,17100,24522,,,,,,
MN-53,,,,48429,24558,21309,,,,,,
MN-54,,,,51122,33921,14742,,,,,,
MN-55,,,,52075,28824,20937,,,,,,
MN-56,,,,39215,13589,23611,,,,,,
MN-57,,,,43637,22812,18070,,,,,,
MO-1,,,,,,,,,,,,
MO-2,,,,,,,,,,,,
MO-3,,,,,,,,,,,,
MO-4,,,,,,,,,,,,
MO-5,,,,,,,,,,,,
MO-6,,,,,,,,,,,,
MO-7,,,,,,,,,,,,
MO-8,,,,,,,,,,,,
MO-9,,,,,,,,,,,,
MO-10,,,,,,,,,,,,
MO-11,,,,,,,,,,,,
MO-12,,,,,,,,,,,,
MO-13,,,,,,,,,,,,
MO-14,,,,,,,,,,,,
MO-15,,,,,,,,,,,,
MO-16,,,,,,,,,,,,
MO-17,,,,,,,,,,,,
MO-18,,,,,,,,,,,,
MO-19,,,,,,,,,,,,
MO-20,,,,,,,,,,,,
MO-21,,,,,,,,,,,,
MO-22,,,,,,,,,,,,
MO-23,,,,,,,,,,,,
MO-24,,,,,,,,,,,,
MO-25,,,,,,,,,,,,
MO-26,,,,,,,,,,,,
MO-27,,,,,,,,,,,,
MO-28,,,,,,,,,,,,
MO-29,,,,,,,,,,,,
MO-30,,,,,,,,,,,,
MO-31,,,,,,,,,,,,
MO-32,,,,,,,,,,,,
MO-33,,,,,,,,,,,,
MO-34,,,,,,,,,,,,
MO-35,,,,,,,,,,,,
MO-36,,,,,,,,,,,,
MO-37,,,,,,,,,,,,
MO-38,,,,,,,,,,,,
MO-39,,,,,,,,,,,,
MO-40,,,,,,,,,,,,
MO-41,,,,,,,,,,,,
MO-42,,,,,,,,,,,,
MO-43,,,,,,,,,,,,
MO-44,,,,,,,,,,,,
MO-45,,,,,,,,,,,,
MO-46,,,,,,,,,,,,
MO-47,,,,,,,,,,,,
MO-48,,,,,,,,,,,,
MO-49,,,,,,,,,,,,
MO-50,,,,,,,,,,,,
MO-51,,,,,,,,,,,,
MO-52,,,,,,,,,,,,
MO-53,,,,,,,,,,,,
MO-54,,,,,,,,,,,,
MO-55,,,,,,,,,,,,
MO-56,,,,,,,,,,,,
MO-57,,,,,,,,,,,,
MO-58,,,,,,,,,,,,
MO-59,,,,,,,,,,,,
MO-60,,,,,,,,,,,,
MO-61,,,,,,,,,,,,
MO-62,,,,,,,,,,,,
MS-1,,,,25383,8267,17116,,,,,,
MS-2,,,,20016,11228,8788,,,,,,
MS-3,,,,35649,22571,13078,,,,,,
MS-4,,,,30956,22294,8662,,,,,,
MS-5,,,,30408,19557,10851,,,,,,
MS-6,,,,29960,15634,14326,,,,,,
MS-7,,,,32111,12663,19448,,,,,,
MS-8,,,,29049,11762,17287,,,,,,
MS-9,,,,28116,6811,21305,,,,,,
MS-10,,,,29144,8066,21078,,,,,,
MS-11,,,,34644,20175,14469,,,,,,
MS-12,,,,29872,13213,16659,,,,,,
MS-13,,,,38955,23590,15365,,,,,,
MS-14,,,,36533,24350,12183,,,,,,
MS-15,,,,31590,25777,5813,,,,,,
MS-16,,,,39222,26155,13067,,,,,,
MS-17,,,,35456,10263,25193,,,,,,
MS-18,,,,28679,8580,20099,,,,,,
MS-19,,,,35150,15805,19345,,,,,,
MS-20,,,,30034,12314,17720,,,,,,
MS-21,,,,28347,11478,16869,,,,,,
MS-22,,,,33086,12144,20942,,,,,,
MS-23,,,,35747,15110,20637,,,,,,
MS-24,,,,31813,10401,21412,,,,,,
MS-25,,,,28437,12328,16109,,,,,,
MS-26,,,,24018,5072,18946,,,,,,
MS-27,,,,24913,6958,17955,,,,,,
MS-28,,,,23136,5204,17932,,,,,,
MS-29,,,,25295,11259,14036,,,,,,
MS-30,,,,21869,11790,10079,,,,,,
MT-1,,,,,,,,,,,,
MT-2,,,,,,,,,,,,
MT-3,,,,,,,,,,,,
MT-4,,,,,,,,,,,,
MT-5,,,,,,,,,,,,
MT-6,,,,,,,,,,,,
MT-7,,,,,,,,,,,,
MT-8,,,,,,,,,,,,
MT-9,,,,,,,,,,,,
MT-10,,,,,,,,,,,,
MT-11,,,,,,,,,,,,
NC-1,,,,,,,,,,,,
NC-2,,,,,,,,,,,,
NC-3,,,,,,,,,,,,
NC-4,,,,,,,,,,,,
NC-5,,,,,,,,,,,,
NC-6,,,,,,,,,,,,
NC-7,,,,,,,,,,,,
NC-8,,,,,,,,,,,,
NC-9,,,,,,,,,,,,
NC-10,,,,,,,,,,,,
NC-11,,,,,,,,,,,,
NC-12,,,,,,,,,,,,
NC-13,,,,,,,,,,,,
NC-14,,,,,,,,,,,,
NC-15,,,,,,,,,,,,
NC-16,,,,,,,,,,,,
NC-17,,,,,,,,,,,,
NC-18,,,,,,,,,,,,
NC-19,,,,,,,,,,,,
NC-20,,,,,,,,,,,,
NC-21,,,,,,,,,,,,
NC-22,,,,,,,,,,,,
NC-23,,,,,,,,,,,,
NC-24,,,,,,,,,,,,
NC-25,,,,,,,,,,,,
NC-26,,,,,,,,,,,,
NC-27,,,,,,,,,,,,
NC-28,,,,,,,,,,,,
NC-29,,,,,,,,,,,,
NC-30,,,,,,,,,,,,
NC-31,,,,,,,,,,,,
NC-32,,,,,,,,,,,,
NC-33,,,,,,,,,,,,
NC-34,,,,,,,,,,,,
NC-35,,,,,,,,,,,,
NC-36,,,,,,,,,,,,
NC-37,,,,,,,,,,,,
NC-38,,,,,,,,,,,,
NC-39,,,,,,,,,,,,
NC-40,,,,,,,,,,,,
NC-41,,,,,,,,,,,,
NC-42,,,,,,,,,,,,
NC-43,,,,,,,,,,,,
NC-44,,,,,,,,,,,,
NC-45,,,,,,,,,,,,
NC-46,,,,,,,,,,,,
NC-47,,,,,,,,,,,,
NC-48,,,,,,,,,,,,
NC-49,,,,,,,,,,,,
NC-50,,,,,,,,,,,,
NC-51,,,,,,,,,,,,
NC-52,,,,,,,,,,,,
NC-53,,,,,,,,,,,,
NC-54,,,,,,,,,,,,
NC-55,,,,,,,,,,,,
NC-56,,,,,,,,,,,,
NC-57,,,,,,,,,,,,
NC-58,,,,,,,,,,,,
NC-59,,,,,,,,,,,,
NC-60,,,,,,,,,,,,
NC-61,,,,,,,,,,,,
NC-62,,,,,,,,,,,,
NC-63,,,,,,,,,,,,
NC-64,,,,,,,,,,,,
NC-65,,,,,,,,,,,,
NC-66,,,,,,,,,,,,
NC-67,,,,,,,,,,,,
NC-68,,,,,,,,,,,,
NC-69,,,,,,,,,,,,
NC-70,,,,,,,,,,,,
NC-71,,,,,,,,,,,,
NC-72,,,,,,,,,,,,
NC-73,,,,,,,,,,,,
NC-74,,,,,,,,,,,,
NC-75,,,,,,,,,,,,
NC-76,,,,,,,,,,,,
NC-77,,,,,,,,,,,,
NC-78,,,,,,,,,,,,
NC-79,,,,,,,,,,,,
NC-80,,,,,,,,,,,,
NC-81,,,,,,,,,,,,
NC-82,,,,,,,,,,,,
NC-83,,,,,,,,,,,,
NC-84,,,,,,,,,,,,
NC-85,,,,,,,,,,,,
NC-86,,,,,,,,,,,,
NC-87,,,,,,,,,,,,
NC-88,,,,,,,,,,,,
NC-89,,,,,,,,,,,,
NC-90,,,,,,,,,,,,
NC-91,,,,,,,,,,,,
NC-92,,,,,,,,,,,,
NC-93,,,,,,,,,,,,
NC-94,,,,,,,,,,,,
NC-95,,,,,,,,,,,,
NC-96,,,,,,,,,,,,
NC-97,,,,,,,,,,,,
NC-98,,,,,,,,,,,,
NC-99,,,,,,,,,,,,
NC-100,,,,,,,,,,,,
NC-101,,,,,,,,,,,,
NC-102,,,,,,,,,,,,
NC-103,,,,,,,,,,,,
NC-104,,,,,,,,,,,,
ND-1,,,,,,,,,,,,
ND-2,,,,,,,,,,,,
ND-3,,,,,,,,,,,,
ND-4,,,,,,,,,,,,
ND-5,,,,,,,,,,,,
ND-6,,,,,,,,,,,,
ND-7,,,,,,,,,,,,
ND-8,,,,,,,,,,,,
NE-1,,,,,,,,,,31836,22565,9271
NE-2,,,,,,,,,,25487,16677,8810
NE-3,,,,,,,,,,45206,28204,17002
NE-4,,,,,,,,,,49030,26031,22999
NE-5,,,,,,,,,,55922,26006,29916
NE-6,,,,,,,,,,62501,22773,39728
NE-7,,,,,,,,,,46924,20985,25939
NE-8,,,,,,,,,,52315,20347,31968
NE-9,,,,,,,,,,44645,12588,32057
NE-10,,,,,,,,,,53232,16384,36848
NE-11,,,,,,,,,,47708,25353,22355
NE-12,,,,,,,,,,33830,17493,16337
NE-13,,,,,,,,,,55144,28866,26278
NE-14,,,,,,,,,,51238,9914,41324
NE-15,,,,,,,,,,47362,11041,36321
NE-16,,,,,,,,,,48370,7727,40643
NE-17,,,,,,,,,,38265,10250,28015
NE-18,,,,,,,,,,47407,9855,37552
NE-19,,,,,,,,,,52100,8565,43535
NE-20,,,,,,,,,,46483,8278,38205
NH-1,,,,,,,,,,,,
NH-2,,,,,,,,,,,,
NH-3,,,,,,,,,,,,
NH-4,,,,,,,,,,,,
NH-5,,,,,,,,,,,,
NH-6,,,,,,,,,,,,
NH-7,,,,,,,,,,,,
NH-8,,,,,,,,,,,,
NH-9,,,,,,,,,,,,
NH-10,,,,,,,,,,,,
NH-11,,,,,,,,,,,,
NH-12,,,,,,,,,,,,
NH-13,,,,,,,,,,,,
NH-14,,,,,,,,,,,,
NJ-1,,,,,,,,,,,,
NJ-2,,,,,,,,,,,,
NJ-3,,,,,,,,,,,,
NJ-4,,,,,,,,,,,,
NJ-5,,,,,,,,,,,,
NJ-6,,,,,,,,,,,,
NJ-7,,,,,,,,,,,,
NJ-8,,,,,,,,,,,,
NJ-9,,,,,,,,,,,,
NJ-10,,,,,,,,,,,,
NJ-11,,,,,,,,,,,,
NJ-12,,,,,,,,,,,,
NJ-13,,,,,,,,,,,,
NJ-14,,,,,,,,,,,,
NJ-15,,,,,,,,,,,,
NJ-16,,,,,,,,,,,,
NJ-17,,,,,,,,,,,,
NJ-18,,,,,,,,,,,,
NJ-19,,,,,,,,,,,,
NJ-20,,,,,,,,,,,,
NJ-21,,,,,,,,,,,,
NJ-22,,,,,,,,,,,,
NJ-23,,,,,,,,,,,,
NJ-24,,,,,,,,,,,,
NJ-25,,,,,,,,,,,,
NJ-26,,,,,,,,,,,,
NJ-27,,,,,,,,,,,,
NJ-28,,,,,,,,,,,,
NJ-29,,,,,,,,,,,,
NJ-30,,,,,,,,,,,,
NJ-31,,,,,,,,,,,,
NJ-32,,,,,,,,,,,,
NJ-33,,,,,,,,,,,,
NJ-34,,,,,,,,,,,,
NJ-35,,,,,,,,,,,,
NJ-36,,,,,,,,,,,,
NJ-37,,,,,,,,,,,,
NJ-38,,,,,,,,,,,,
NJ-39,,,,,,,,,,,,
NJ-40,,,,,,,,,,,,
NJ-41,,,,,,,,,,,,
NJ-42,,,,,,,,,,,,
NJ-43,,,,,,,,,,,,
NJ-44,,,,,,,,,,,,
NJ-45,,,,,,,,,,,,
NJ-46,,,,,,,,,,,,
NJ-47,,,,,,,,,,,,
NJ-48,,,,,,,,,,,,
NJ-49,,,,,,,,,,,,
NJ-50,,,,,,,,,,,,
NJ-51,,,,,,,,,,,,
NJ-52,,,,,,,,,,,,
NJ-53,,,,,,,,,,,,
NJ-54,,,,,,,,,,,,
NJ-55,,,,,,,,,,,,
NJ-56,,,,,,,,,,,,
NJ-57,,,,,,,,,,,,
NJ-58,,,,,,,,,,,,
NJ-59,,,,,,,,,,,,
NJ-60,,,,,,,,,,,,
NJ-61,,,,,,,,,,,,
NJ-62,,,,,,,,,,,,
NJ-63,,,,,,,,,,,,
NJ-64,,,,,,,,,,,,
NJ-65,,,,,,,,,,,,
NJ-66,,,,,,,,,,,,
NJ-67,,,,,,,,,,,,
NJ-68,,,,,,,,,,,,
NJ-69,,,,,,,,,,,,
NJ-70,,,,,,,,,,,,
NJ-71,,,,,,,,,,,,
NJ-72,,,,,,,,,,,,
NJ-73,,,,,,,,,,,,
NJ-74,,,,,,,,,,,,
NJ-75,,,,,,,,,,,,
NJ-76,,,,,,,,,,,,
NJ-77,,,,,,,,,,,,
NJ-78,,,,,,,,,,,,
NJ-79,,,,,,,,,,,,
NJ-80,,,,,,,,,,,,
NJ-81,,,,,,,,,,,,
NJ-82,,,,,,,,,,,,
NJ-83,,,,,,,,,,,,
NJ-84,,,,,,,,,,,,
NJ-85,,,,,,,,,,,,
NJ-86,,,,,,,,,,,,
NJ-87,,,,,,,,,,,,
NJ-88,,,,,,,,,,,,
NJ-89,,,,,,,,,,,,
NJ-90,,,,,,,,,,,,
NJ-91,,,,,,,,,,,,
NJ-92,,,,,,,,,,,,
NJ-93,,,,,,,,,,,,
NM-1,,,,,,,,,,,,
NM-2,,,,,,,,,,,,
NM-3,,,,,,,,,,,,
NM-4,,,,,,,,,,,,
NM-5,,,,,,,,,,,,
NM-6,,,,,,,,,,,,
NM-7,,,,,,,,,,,,
NM-8,,,,,,,,,,,,
NM-9,,,,,,,,,,,,
NM-10,,,,,,,,,,,,
NM-11,,,,,,,,,,,,
NM-12,,,,,,,,,,,,
NM-13,,,,,,,,,,,,
NM-14,,,,,,,,,,,,
NM-15,,,,,,,,,,,,
NM-16,,,,,,,,,,,,
NM-17,,,,,,,,,,,,
NM-18,,,,,,,,,,,,
NM-19,,,,,,,,,,,,
NM-20,,,,,,,,,,,,
NM-21,,,,,,,,,,,,
NV-1,,,,,,,,,,,,
NV-2,,,,,,,,,,,,
NV-3,,,,,,,,,,,,
NV-4,,,,,,,,,,,,
NV-5,,,,,,,,,,,,
NV-6,,,,,,,,,,,,
NV-7,,,,,,,,,,,,
NV-8,,,,,,,,,,,,
NV-9,,,,,,,,,,,,
NV-10,,,,,,,,,,,,
NV-11,,,,,,,,,,,,
NV-12,,,,,,,,,,,,
NV-13,,,,,,,,,,,,
NV-14,,,,,,,,,,,,
NV-15,,,,,,,,,,,,
NV-16,,,,,,,,,,,,
NV-17,,,,,,,,,,,,
NV-18,,,,,,,,,,,,
NV-19,,,,,,,,,,,,
NV-20,,,,,,,,,,,,
NV-21,,,,,,,,,,,,
NV-22,,,,,,,,,,,,
NV-23,,,,,,,,,,,,
NV-24,,,,,,,,,,,,
NV-25,,,,,,,,,,,,
NV-26,,,,,,,,,,,,
NV-27,,,,,,,,,,,,
NV-28,,,,,,,,,,,,
NV-29,,,,,,,,,,,,
NV-30,,,,,,,,,,,,
NV-31,,,,,,,,,,,,
NY-1,,,,,,,,,,,,
NY-2,,,,,,,,,,,,
NY-3,,,,,,,,,,,,
NY-4,,,,,,,,,,,,
NY-5,,,,,,,,,,,,
NY-6,,,,,,,,,,,,
NY-7,,,,,,,,,,,,
NY-8,,,,,,,,,,,,
NY-9,,,,,,,,,,,,
NY-10,,,,,,,,,,,,
NY-11,,,,,,,,,,,,
NY-12,,,,,,,,,,,,
NY-13,,,,,,,,,,,,
NY-14,,,,,,,,,,,,
NY-15,,,,,,,,,,,,
NY-16,,,,,,,,,,,,
NY-17,,,,,,,,,,,,
NY-18,,,,,,,,,,,,
NY-19,,,,,,,,,,,,
NY-20,,,,,,,,,,,,
NY-21,,,,,,,,,,,,
NY-22,,,,,,,,,,,,
NY-23,,,,,,,,,,,,
NY-24,,,,,,,,,,,,
NY-25,,,,,,,,,,,,
NY-26,,,,,,,,,,,,
NY-27,,,,,,,,,,,,
NY-28,,,,,,,,,,,,
NY-29,,,,,,,,,,,,
NY-30,,,,,,,,,,,,
NY-31,,,,,,,,,,,,
NY-32,,,,,,,,,,,,
NY-33,,,,,,,,,,,,
NY-34,,,,,,,,,,,,
NY-35,,,,,,,,,,,,
NY-36,,,,,,,,,,,,
NY-37,,,,,,,,,,,,
NY-38,,,,,,,,,,,,
NY-39,,,,,,,,,,,,
NY-40,,,,,,,,,,,,
NY-41,,,,,,,,,,,,
NY-42,,,,,,,,,,,,
NY-43,,,,,,,,,,,,
NY-44,,,,,,,,,,,,
NY-45,,,,,,,,,,,,
NY-46,,,,,,,,,,,,
NY-47,,,,,,,,,,,,
NY-48,,,,,,,,,,,,
NY-49,,,,,,,,,,,,
NY-50,,,,,,,,,,,,
NY-51,,,,,,,,,,,,
NY-52,,,,,,,,,,,,
NY-53,,,,,,,,,,,,
NY-54,,,,,,,,,,,,
NY-55,,,,,,,,,,,,
NY-56,,,,,,,,,,,,
NY-57,,,,,,,,,,,,
NY-58,,,,,,,,,,,,
NY-59,,,,,,,,,,,,
NY-60,,,,,,,,,,,,
NY-61,,,,,,,,,,,,
NY-62,,,,,,,,,,,,
NY-63,,,,,,,,,,,,
NY-64,,,,,,,,,,,,
NY-65,,,,,,,,,,,,
NY-66,,,,,,,,,,,,
NY-67,,,,,,,,,,,,
NY-68,,,,,,,,,,,,
NY-69,,,,,,,,,,,,
NY-70,,,,,,,,,,,,
NY-71,,,,,,,,,,,,
NY-72,,,,,,,,,,,,
NY-73,,,,,,,,,,,,
NY-74,,,,,,,,,,,,
NY-75,,,,,,,,,,,,
NY-76,,,,,,,,,,,,
NY-77,,,,,,,,,,,,
NY-78,,,,,,,,,,,,
NY-79,,,,,,,,,,,,
NY-80,,,,,,,,,,,,
NY-81,,,,,,,,,,,,
NY-82,,,,,,,,,,,,
NY-83,,,,,,,,,,,,
NY-84,,,,,,,,,,,,
NY-85,,,,,,,,,,,,
NY-86,,,,,,,,,,,,
NY-87,,,,,,,,,,,,
NY-88,,,,,,,,,,,,
NY-89,,,,,,,,,,,,
NY-90,,,,,,,,,,,,
NY-91,,,,,,,,,,,,
NY-92,,,,,,,,,,,,
NY-93,,,,,,,,,,,,
NY-94,,,,,,,,,,,,
NY-95,,,,,,,,,,,,
NY-96,,,,,,,,,,,,
NY-97,,,,,,,,,,,,
NY-98,,,,,,,,,,,,
NY-99,,,,,,,,,,,,
NY-100,,,,,,,,,,,,
NY-101,,,,,,,,,,,,
NY-102,,,,,,,,,,,,
NY-103,,,,,,,,,,,,
NY-104,,,,,,,,,,,,
NY-105,,,,,,,,,,,,
NY-106,,,,,,,,,,,,
NY-107,,,,,,,,,,,,
NY-108,,,,,,,,,,,,
NY-109,,,,,,,,,,,,
NY-110,,,,,,,,,,,,
NY-111,,,,,,,,,,,,
NY-112,,,,,,,,,,,,
NY-113,,,,,,,,,,,,
NY-114,,,,,,,,,,,,
NY-115,,,,,,,,,,,,
NY-116,,,,,,,,,,,,
NY-117,,,,,,,,,,,,
NY-118,,,,,,,,,,,,
NY-119,,,,,,,,,,,,
NY-120,,,,,,,,,,,,
NY-121,,,,,,,,,,,,
NY-122,,,,,,,,,,,,
NY-123,,,,,,,,,,,,
NY-124,,,,,,,,,,,,
NY-125,,,,,,,,,,,,
NY-126,,,,,,,,,,,,
NY-127,,,,,,,,,,,,
NY-128,,,,,,,,,,,,
NY-129,,,,,,,,,,,,
NY-130,,,,,,,,,,,,
NY-131,,,,,,,,,,,,
NY-132,,,,,,,,,,,,
NY-133,,,,,,,,,,,,
NY-134,,,,,,,,,,,,
NY-135,,,,,,,,,,,,
NY-136,,,,,,,,,,,,
NY-137,,,,,,,,,,,,
NY-138,,,,,,,,,,,,
NY-139,,,,,,,,,,,,
NY-140,,,,,,,,,,,,
NY-141,,,,,,,,,,,,
NY-142,,,,,,,,,,,,
NY-143,,,,,,,,,,,,
NY-144,,,,,,,,,,,,
NY-145,,,,,,,,,,,,
NY-146,,,,,,,,,,,,
NY-147,,,,,,,,,,,,
NY-148,,,,,,,,,,,,
NY-149,,,,,,,,,,,,
NY-150,,,,,,,,,,,,
NY-151,,,,,,,,,,,,
NY-152,,,,,,,,,,,,
NY-153,,,,,,,,,,,,
NY-154,,,,,,,,,,,,
NY-155,,,,,,,,,,,,
NY-156,,,,,,,,,,,,
NY-157,,,,,,,,,,,,
NY-158,,,,,,,,,,,,
NY-159,,,,,,,,,,,,
NY-160,,,,,,,,,,,,
NY-161,,,,,,,,,,,,
NY-162,,,,,,,,,,,,
NY-163,,,,,,,,,,,,
NY-164,,,,,,,,,,,,
NY-165,,,,,,,,,,,,
NY-166,,,,,,,,,,,,
NY-167,,,,,,,,,,,,
NY-168,,,,,,,,,,,,
NY-169,,,,,,,,,,,,
NY-170,,,,,,,,,,,,
NY-171,,,,,,,,,,,,
NY-172,,,,,,,,,,,,
NY-173,,,,,,,,,,,,
NY-174,,,,,,,,,,,,
NY-175,,,,,,,,,,,,
NY-176,,,,,,,,,,,,
NY-177,,,,,,,,,,,,
NY-178,,,,,,,,,,,,
NY-179,,,,,,,,,,,,
NY-180,,,,,,,,,,,,
NY-181,,,,,,,,,,,,
NY-182,,,,,,,,,,,,
NY-183,,,,,,,,,,,,
NY-184,,,,,,,,,,,,
NY-185,,,,,,,,,,,,
NY-186,,,,,,,,,,,,
NY-187,,,,,,,,,,,,
NY-188,,,,,,,,,,,,
NY-189,,,,,,,,,,,,
NY-190,,,,,,,,,,,,
NY-191,,,,,,,,,,,,
NY-192,,,,,,,,,,,,
NY-193,,,,,,,,,,,,
NY-194,,,,,,,,,,,,
NY-195,,,,,,,,,,,,
NY-196,,,,,,,,,,,,
NY-197,,,,,,,,,,,,
NY-198,,,,,,,,,,,,
NY-199,,,,,,,,,,,,
NY-200,,,,,,,,,,,,
NY-201,,,,,,,,,,,,
NY-202,,,,,,,,,,,,
OH-1,,,,,,,,,,,,
OH-2,,,,,,,,,,,,
OH-3,,,,,,,,,,,,
OH-4,,,,,,,,,,,,
OH-5,,,,,,,,,,,,
OH-6,,,,,,,,,,,,
OH-7,,,,,,,,,,,,
OH-8,,,,,,,,,,,,
OH-9,,,,,,,,,,,,
OH-10,,,,,,,,,,,,
OH-11,,,,,,,,,,,,
OH-12,,,,,,,,,,,,
OH-13,,,,,,,,,,,,
OH-14,,,,,,,,,,,,
OH-15,,,,,,,,,,,,
OH-16,,,,,,,,,,,,
OH-17,,,,,,,,,,,,
OH-18,,,,,,,,,,,,
OH-19,,,,,,,,,,,,
OH-20,,,,,,,,,,,,
OH-21,,,,,,,,,,,,
OH-22,,,,,,,,,,,,
OH-23,,,,,,,,,,,,
OH-24,,,,,,,,,,,,
OH-25,,,,,,,,,,,,
OH-26,,,,,,,,,,,,
OH-27,,,,,,,,,,,,
OH-28,,,,,,,,,,,,
OH-29,,,,,,,,,,,,
OH-30,,,,,,,,,,,,
OH-31,,,,,,,,,,,,
OH-32,,,,,,,,,,,,
OH-33,,,,,,,,,,,,
OH-34,,,,,,,,,,,,
OH-35,,,,,,,,,,,,
OH-36,,,,,,,,,,,,
OH-37,,,,,,,,,,,,
OH-38,,,,,,,,,,,,
OH-39,,,,,,,,,,,,
OH-40,,,,,,,,,,,,
OH-41,,,,,,,,,,,,
OH-42,,,,,,,,,,,,
OH-43,,,,,,,,,,,,
OH-44,,,,,,,,,,,,
OH-45,,,,,,,,,,,,
OH-46,,,,,,,,,,,,
OH-47,,,,,,,,,,,,
OH-48,,,,,,,,,,,,
OH-49,,,,,,,,,,,,
OH-50,,,,,,,,,,,,
OH-51,,,,,,,,,,,,
OH-52,,,,,,,,,,,,
OH-53,,,,,,,,,,,,
OH-54,,,,,,,,,,,,
OH-55,,,,,,,,,,,,
OH-56,,,,,,,,,,,,
OH-57,,,,,,,,,,,,
OH-58,,,,,,,,,,,,
OH-59,,,,,,,,,,,,
OH-60,,,,,,,,,,,,
OH-61,,,,,,,,,,,,
OH-62,,,,,,,,,,,,
OH-63,,,,,,,,,,,,
OH-64,,,,,,,,,,,,
OH-65,,,,,,,,,,,,
OH-66,,,,,,,,,,,,
OH-67,,,,,,,,,,,,
OH-68,,,,,,,,,,,,
OH-69,,,,,,,,,,,,
OH-70,,,,,,,,,,,,
OH-71,,,,,,,,,,,,
OH-72,,,,,,,,,,,,
OH-73,,,,,,,,,,,,
OH-74,,,,,,,,,,,,
OH-75,,,,,,,,,,,,
OH-76,,,,,,,,,,,,
OH-77,,,,,,,,,,,,
OH-78,,,,,,,,,,,,
OH-79,,,,,,,,,,,,
OH-80,,,,,,,,,,,,
OH-81,,,,,,,,,,,,
OH-82,,,,,,,,,,,,
OH-83,,,,,,,,,,,,
OH-84,,,,,,,,,,,,
OH-85,,,,,,,,,,,,
OH-86,,,,,,,,,,,,
OH-87,,,,,,,,,,,,
OH-88,,,,,,,,,,,,
OH-89,,,,,,,,,,,,
OH-90,,,,,,,,,,,,
OH-91,,,,,,,,,,,,
OH-92,,,,,,,,,,,,
OH-93,,,,,,,,,,,,
OH-94,,,,,,,,,,,,
OH-95,,,,,,,,,,,,
OH-96,,,,,,,,,,,,
OH-97,,,,,,,,,,,,
OH-98,,,,,,,,,,,,
OH-99,,,,,,,,,,,,
OH-100,,,,,,,,,,,,
OH-101,,,,,,,,,,,,
OH-102,,,,,,,,,,,,
OH-103,,,,,,,,,,,,
OH-104,,,,,,,,,,,,
OH-105,,,,,,,,,,,,
OH-106,,,,,,,,,,,,
OH-107,,,,,,,,,,,,
OH-108,,,,,,,,,,,,
OH-109,,,,,,,,,,,,
OH-110,,,,,,,,,,,,
OH-111,,,,,,,,,,,,
OH-112,,,,,,,,,,,,
OH-113,,,,,,,,,,,,
OH-114,,,,,,,,,,,,
OH-115,,,,,,,,,,,,
OH-116,,,,,,,,,,,,
OH-117,,,,,,,,,,,,
OH-118,,,,,,,,,,,,
OK-1,,,,,,,,,,,,
OK-2,,,,,,,,,,,,
OK-3,,,,,,,,,,,,
OK-4,,,,,,,,,,,,
OK-5,,,,,,,,,,,,
OK-6,,,,,,,,,,,,
OK-7,,,,,,,,,,,,
OK-8,,,,,,,,,,,,
OK-9,,,,,,,,,,,,
OK-10,,,,,,,,,,,,
OK-11,,,,,,,,,,,,
OK-12,,,,,,,,,,,,
OK-13,,,,,,,,,,,,
OK-14,,,,,,,,,,,,
OK-15,,,,,,,,,,,,
OK-16,,,,,,,,,,,,
OK-17,,,,,,,,,,,,
OK-18,,,,,,,,,,,,
OK-19,,,,,,,,,,,,
OK-20,,,,,,,,,,,,
OK-21,,,,,,,,,,,,
OK-22,,,,,,,,,,,,
OK-23,,,,,,,,,,,,
OK-24,,,,,,,,,,,,
OK-25,,,,,,,,,,,,
OK-26,,,,,,,,,,,,
OK-27,,,,,,,,,,,,
OK-28,,,,,,,,,,,,
OK-29,,,,,,,,,,,,
OK-30,,,,,,,,,,,,
OK-31,,,,,,,,,,,,
OK-32,,,,,,,,,,,,
OK-33,,,,,,,,,,,,
OK-34,,,,,,,,,,,,
OK-35,,,,,,,,,,,,
OK-36,,,,,,,,,,,,
OK-37,,,,,,,,,,,,
OK-38,,,,,,,,,,,,
OK-39,,,,,,,,,,,,
OK-40,,,,,,,,,,,,
OR-1,,,,,,,,,,,,
OR-2,,,,,,,,,,,,
OR-3,,,,,,,,,,,,
OR-4,,,,,,,,,,,,
OR-5,,,,,,,,,,,,
OR-6,,,,,,,,,,,,
OR-7,,,,,,,,,,,,
OR-8,,,,,,,,,,,,
OR-9,,,,,,,,,,,,
OR-10,,,,,,,,,,,,
OR-11,,,,,,,,,,,,
OR-12,,,,,,,,,,,,
OR-13,,,,,,,,,,,,
OR-14,,,,,,,,,,,,
OR-15,,,,,,,,,,,,
OR-16,,,,,,,,,,,,
OR-17,,,,,,,,,,,,
OR-18,,,,,,,,,,,,
OR-19,,,,,,,,,,,,
OR-20,,,,,,,,,,,,
OR-21,,,,,,,,,,,,
OR-22,,,,,,,,,,,,
OR-23,,,,,,,,,,,,
OR-24,,,,,,,,,,,,
OR-25,,,,,,,,,,,,
OR-26,,,,,,,,,,,,
OR-27,,,,,,,,,,,,
OR-28,,,,,,,,,,,,
OR-29,,,,,,,,,,,,
OR-30,,,,,,,,,,,,
OR-31,,,,,,,,,,,,
OR-32,,,,,,,,,,,,
OR-33,,,,,,,,,,,,
OR-34,,,,,,,,,,,,
OR-35,,,,,,,,,,,,
OR-36,,,,,,,,,,,,
OR-37,,,,,,,,,,,,
OR-38,,,,,,,,,,,,
OR-39,,,,,,,,,,,,
OR-40,,,,,,,,,,,,
OR-41,,,,,,,,,,,,
OR-42,,,,,,,,,,,,
PA-1,,,,,,,,,,,,
PA-2,,,,,,,,,,,,
PA-3,,,,,,,,,,,,
PA-4,,,,,,,,,,,,
PA-5,,,,,,,,,,,,
PA-6,,,,,,,,,,,,
PA-7,,,,,,,,,,,,
PA-8,,,,,,,,,,,,
PA-9,,,,,,,,,,,,
PA-10,,,,,,,,,,,,
PA-11,,,,,,,,,,,,
PA-12,,,,,,,,,,,,
PA-13,,,,,,,,,,,,
PA-14,,,,,,,,,,,,
PA-15,,,,,,,,,,,,
PA-16,,,,,,,,,,,,
PA-17,,,,,,,,,,,,
PA-18,,,,,,,,,,,,
PA-19,,,,,,,,,,,,
PA-20,,,,,,,,,,,,
PA-21,,,,,,,,,,,,
PA-22,,,,,,,,,,,,
PA-23,,,,,,,,,,,,
PA-24,,,,,,,,,,,,
PA-25,,,,,,,,,,,,
PA-26,,,,,,,,,,,,
PA-27,,,,,,,,,,,,
PA-28,,,,,,,,,,,,
PA-29,,,,,,,,,,,,
PA-30,,,,,,,,,,,,
PA-31,,,,,,,,,,,,
PA-32,,,,,,,,,,,,
PA-33,,,,,,,,,,,,
PA-34,,,,,,,,,,,,
PA-35,,,,,,,,,,,,
PA-36,,,,,,,,,,,,
PA-37,,,,,,,,,,,,
PA-38,,,,,,,,,,,,
PA-39,,,,,,,,,,,,
PA-40,,,,,,,,,,,,
PA-41,,,,,,,,,,,,
PA-42,,,,,,,,,,,,
PA-43,,,,,,,,,,,,
PA-44,,,,,,,,,,,,
PA-45,,,,,,,,,,,,
PA-46,,,,,,,,,,,,
PA-47,,,,,,,,,,,,
PA-48,,,,,,,,,,,,
PA-49,,,,,,,,,,,,
PA-50,,,,,,,,,,,,
PA-51,,,,,,,,,,,,
PA-52,,,,,,,,,,,,
PA-53,,,,,,,,,,,,
PA-54,,,,,,,,,,,,
PA-55,,,,,,,,,,,,
PA-56,,,,,,,,,,,,
PA-57,,,,,,,,,,,,
PA-58,,,,,,,,,,,,
PA-59,,,,,,,,,,,,
PA-60,,,,,,,,,,,,
PA-61,,,,,,,,,,,,
PA-62,,,,,,,,,,,,
PA-63,,,,,,,,,,,,
PA-64,,,,,,,,,,,,
PA-65,,,,,,,,,,,,
PA-66,,,,,,,,,,,,
PA-67,,,,,,,,,,,,
PA-68,,,,,,,,,,,,
PA-69,,,,,,,,,,,,
PA-70,,,,,,,,,,,,
PA-71,,,,,,,,,,,,
PA-72,,,,,,,,,,,,
PA-73,,,,,,,,,,,,
PA-74,,,,,,,,,,,,
PA-75,,,,,,,,,,,,
PA-76,,,,,,,,,,,,
PA-77,,,,,,,,,,,,
PA-78,,,,,,,,,,,,
PA-79,,,,,,,,,,,,
PA-80,,,,,,,,,,,,
PA-81,,,,,,,,,,,,
PA-82,,,,,,,,,,,,
PA-83,,,,,,,,,,,,
PA-84,,,,,,,,,,,,
PA-85,,,,,,,,,,,,
PA-86,,,,,,,,,,,,
PA-87,,,,,,,,,,,,
PA-88,,,,,,,,,,,,
PA-89,,,,,,,,,,,,
PA-90,,,,,,,,,,,,
PA-91,,,,,,,,,,,,
PA-92,,,,,,,,,,,,
PA-93,,,,,,,,,,,,
PA-94,,,,,,,,,,,,
PA-95,,,,,,,,,,,,
PA-96,,,,,,,,,,,,
PA-97,,,,,,,,,,,,
PA-98,,,,,,,,,,,,
PA-99,,,,,,,,,,,,
PA-100,,,,,,,,,,,,
PA-101,,,,,,,,,,,,
PA-102,,,,,,,,,,,,
PA-103,,,,,,,,,,,,
PA-104,,,,,,,,,,,,
PA-105,,,,,,,,,,,,
PA-106,,,,,,,,,,,,
PA-107,,,,,,,,,,,,
PA-108,,,,,,,,,,,,
PA-109,,,,,,,,,,,,
PA-110,,,,,,,,,,,,
PA-111,,,,,,,,,,,,
PA-112,,,,,,,,,,,,
PA-113,,,,,,,,,,,,
PA-114,,,,,,,,,,,,
PA-115,,,,,,,,,,,,
PA-116,,,,,,,,,,,,
PA-117,,,,,,,,,,,,
PA-118,,,,,,,,,,,,
PA-119,,,,,,,,,,,,
PA-120,,,,,,,,,,,,
PA-121,,,,,,,,,,,,
PA-122,,,,,,,,,,,,
PA-123,,,,,,,,,,,,
PA-124,,,,,,,,,,,,
PA-125,,,,,,,,,,,,
PA-126,,,,,,,,,,,,
PA-127,,,,,,,,,,,,
PA-128,,,,,,,,,,,,
PA-129,,,,,,,,,,,,
PA-130,,,,,,,,,,,,
RI-1,,,,,,,,,,,,
RI-2,,,,,,,,,,,,
RI-3,,,,,,,,,,,,
RI-4,,,,,,,,,,,,
RI-5,,,,,,,,,,,,
RI-6,,,,,,,,,,,,
RI-7,,,,,,,,,,,,
RI-8,,,,,,,,,,,,
RI-9,,,,,,,,,,,,
RI-10,,,,,,,,,,,,
RI-11,,,,,,,,,,,,
SC-1,,,,,,,,,,,,
SC-2,,,,,,,,,,,,
SC-3,,,,,,,,,,,,
SC-4,,,,,,,,,,,,
SC-5,,,,,,,,,,,,
SC-6,,,,,,,,,,,,
SC-7,,,,,,,,,,,,
SC-8,,,,,,,,,,,,
SC-9,,,,,,,,,,,,
SC-10,,,,,,,,,,,,
SC-11,,,,,,,,,,,,
SC-12,,,,,,,,,,,,
SC-13,,,,,,,,,,,,
SC-14,,,,,,,,,,,,
SC-15,,,,,,,,,,,,
SC-16,,,,,,,,,,,,
SC-17,,,,,,,,,,,,
SC-18,,,,,,,,,,,,
SC-19,,,,,,,,,,,,
SC-20,,,,,,,,,,,,
SC-21,,,,,,,,,,,,
SC-22,,,,,,,,,,,,
SC-23,,,,,,,,,,,,
SC-24,,,,,,,,,,,,
SC-25,,,,,,,,,,,,
SC-26,,,,,,,,,,,,
SC-27,,,,,,,,,,,,
SC-28,,,,,,,,,,,,
SC-29,,,,,,,,,,,,
SC-30,,,,,,,,,,,,
SC-31,,,,,,,,,,,,
SC-32,,,,,,,,,,,,
SC-33,,,,,,,,,,,,
SC-34,,,,,,,,,,,,
SC-35,,,,,,,,,,,,
SC-36,,,,,,,,,,,,
SC-37,,,,,,,,,,,,
SC-38,,,,,,,,,,,,
SC-39,,,,,,,,,,,,
SC-40,,,,,,,,,,,,
SC-41,,,,,,,,,,,,
SC-42,,,,,,,,,,,,
SC-43,,,,,,,,,,,,
SC-44,,,,,,,,,,,,
SC-45,,,,,,,,,,,,
SC-46,,,,,,,,,,,,
SC-47,,,,,,,,,,,,
SC-48,,,,,,,,,,,,
SC-49,,,,,,,,,,,,
SC-50,,,,,,,,,,,,
SC-51,,,,,,,,,,,,
SD-1,,,,,,,,,,,,
SD-2,,,,,,,,,,,,
SD-3,,,,,,,,,,,,
SD-4,,,,,,,,,,,,
SD-5,,,,,,,,,,,,
SD-6,,,,,,,,,,,,
SD-7,,,,,,,,,,,,
SD-8,,,,,,,,,,,,
SD-9,,,,,,,,,,,,
TN-1,,,,,,,,,,,,
TN-2,,,,,,,,,,,,
TN-3,,,,,,,,,,,,
TN-4,,,,,,,,,,,,
TN-5,,,,,,,,,,,,
TN-6,,,,,,,,,,,,
TN-7,,,,,,,,,,,,
TN-8,,,,,,,,,,,,
TN-9,,,,,,,,,,,,
TN-10,,,,,,,,,,,,
TN-11,,,,,,,,,,,,
TN-12,,,,,,,,,,,,
TN-13,,,,,,,,,,,,
TN-14,,,,,,,,,,,,
TN-15,,,,,,,,,,,,
TN-16,,,,,,,,,,,,
TN-17,,,,,,,,,,,,
TN-18,,,,,,,,,,,,
TN-19,,,,,,,,,,,,
TN-20,,,,,,,,,,,,
TN-21,,,,,,,,,,,,
TN-22,,,,,,,,,,,,
TN-23,,,,,,,,,,,,
TN-24,,,,,,,,,,,,
TN-25,,,,,,,,,,,,
TN-26,,,,,,,,,,,,
TN-27,,,,,,,,,,,,
TN-28,,,,,,,,,,,,
TN-29,,,,,,,,,,,,
TN-30,,,,,,,,,,,,
TN-31,,,,,,,,,,,,
TN-32,,,,,,,,,,,,
TN-33,,,,,,,,,,,,
TN-34,,,,,,,,,,,,
TN-35,,,,,,,,,,,,
TN-36,,,,,,,,,,,,
TN-37,,,,,,,,,,,,
TN-38,,,,,,,,,,,,
TN-39,,,,,,,,,,,,
TN-40,,,,,,,,,,,,
TN-41,,,,,,,,,,,,
TN-42,,,,,,,,,,,,
TN-43,,,,,,,,,,,,
TN-44,,,,,,,,,,,,
TN-45,,,,,,,,,,,,
TN-46,,,,,,,,,,,,
TN-47,,,,,,,,,,,,
TN-48,,,,,,,,,,,,
TN-49,,,,,,,,,,,,
TN-50,,,,,,,,,,,,
TN-51,,,,,,,,,,,,
TN-52,,,,,,,,,,,,
TN-53,,,,,,,,,,,,
TN-54,,,,,,,,,,,,
TN-55,,,,,,,,,,,,
TN-56,,,,,,,,,,,,
TN-57,,,,,,,,,,,,
TN-58,,,,,,,,,,,,
TN-59,,,,,,,,,,,,
TN-60,,,,,,,,,,,,
TN-61,,,,,,,,,,,,
TN-62,,,,,,,,,,,,
TN-63,,,,,,,,,,,,
TN-64,,,,,,,,,,,,
TN-65,,,,,,,,,,,,
TN-66,,,,,,,,,,,,
TN-67,,,,,,,,,,,,
TN-68,,,,,,,,,,,,
TN-69,,,,,,,,,,,,
TX-1,,,,,,,,,,,,
TX-2,,,,,,,,,,,,
TX-3,,,,,,,,,,,,
TX-4,,,,,,,,,,,,
TX-5,,,,,,,,,,,,
TX-6,,,,,,,,,,,,
TX-7,,,,,,,,,,,,
TX-8,,,,,,,,,,,,
TX-9,,,,,,,,,,,,
TX-10,,,,,,,,,,,,
TX-11,,,,,,,,,,,,
TX-12,,,,,,,,,,,,
TX-13,,,,,,,,,,,,
TX-14,,,,,,,,,,,,
TX-15,,,,,,,,,,,,
TX-16,,,,,,,,,,,,
TX-17,,,,,,,,,,,,
TX-18,,,,,,,,,,,,
TX-19,,,,,,,,,,,,
TX-20,,,,,,,,,,,,
TX-21,,,,,,,,,,,,
TX-22,,,,,,,,,,,,
TX-23,,,,,,,,,,,,
TX-24,,,,,,,,,,,,
TX-25,,,,,,,,,,,,
TX-26,,,,,,,,,,,,
TX-27,,,,,,,,,,,,
TX-28,,,,,,,,,,,,
TX-29,,,,,,,,,,,,
TX-30,,,,,,,,,,,,
TX-31,,,,,,,,,,,,
TX-32,,,,,,,,,,,,
TX-33,,,,,,,,,,,,
TX-34,,,,,,,,,,,,
TX-35,,,,,,,,,,,,
TX-36,,,,,,,,,,,,
TX-37,,,,,,,,,,,,
TX-38,,,,,,,,,,,,
TX-39,,,,,,,,,,,,
TX-40,,,,,,,,,,,,
TX-41,,,,,,,,,,,,
TX-42,,,,,,,,,,,,
TX-43,,,,,,,,,,,,
TX-44,,,,,,,,,,,,
TX-45,,,,,,,,,,,,
TX-46,,,,,,,,,,,,
TX-47,,,,,,,,,,,,
TX-48,,,,,,,,,,,,
TX-49,,,,,,,,,,,,
TX-50,,,,,,,,,,,,
TX-51,,,,,,,,,,,,
TX-52,,,,,,,,,,,,
TX-53,,,,,,,,,,,,
TX-54,,,,,,,,,,,,
TX-55,,,,,,,,,,,,
TX-56,,,,,,,,,,,,
TX-57,,,,,,,,,,,,
TX-58,,,,,,,,,,,,
TX-59,,,,,,,,,,,,
TX-60,,,,,,,,,,,,
TX-61,,,,,,,,,,,,
TX-62,,,,,,,,,,,,
TX-63,,,,,,,,,,,,
TX-64,,,,,,,,,,,,
TX-65,,,,,,,,,,,,
TX-66,,,,,,,,,,,,
TX-67,,,,,,,,,,,,
TX-68,,,,,,,,,,,,
TX-69,,,,,,,,,,,,
TX-70,,,,,,,,,,,,
TX-71,,,,,,,,,,,,
TX-72,,,,,,,,,,,,
TX-73,,,,,,,,,,,,
TX-74,,,,,,,,,,,,
TX-75,,,,,,,,,,,,
TX-76,,,,,,,,,,,,
TX-77,,,,,,,,,,,,
TX-78,,,,,,,,,,,,
TX-79,,,,,,,,,,,,
TX-80,,,,,,,,,,,,
TX-81,,,,,,,,,,,,
TX-82,,,,,,,,,,,,
TX-83,,,,,,,,,,,,
TX-84,,,,,,,,,,,,
TX-85,,,,,,,,,,,,
TX-86,,,,,,,,,,,,
TX-87,,,,,,,,,,,,
TX-88,,,,,,,,,,,,
TX-89,,,,,,,,,,,,
TX-90,,,,,,,,,,,,
TX-91,,,,,,,,,,,,
TX-92,,,,,,,,,,,,
TX-93,,,,,,,,,,,,
TX-94,,,,,,,,,,,,
TX-95,,,,,,,,,,,,
TX-96,,,,,,,,,,,,
TX-97,,,,,,,,,,,,
TX-98,,,,,,,,,,,,
TX-99,,,,,,,,,,,,
TX-100,,,,,,,,,,,,
TX-101,,,,,,,,,,,,
TX-102,,,,,,,,,,,,
TX-103,,,,,,,,,,,,
TX-104,,,,,,,,,,,,
TX-105,,,,,,,,,,,,
TX-106,,,,,,,,,,,,
TX-107,,,,,,,,,,,,
TX-108,,,,,,,,,,,,
TX-109,,,,,,,,,,,,
TX-110,,,,,,,,,,,,
TX-111,,,,,,,,,,,,
TX-112,,,,,,,,,,,,
TX-113,,,,,,,,,,,,
TX-114,,,,,,,,,,,,
TX-115,,,,,,,,,,,,
TX-116,,,,,,,,,,,,
TX-117,,,,,,,,,,,,
TX-118,,,,,,,,,,,,
TX-119,,,,,,,,,,,,
TX-120,,,,,,,,,,,,
TX-121,,,,,,,,,,,,
TX-122,,,,,,,,,,,,
TX-123,,,,,,,,,,,,
TX-124,,,,,,,,,,,,
TX-125,,,,,,,,,,,,
TX-126,,,,,,,,,,,,
TX-127,,,,,,,,,,,,
TX-128,,,,,,,,,,,,
TX-129,,,,,,,,,,,,
TX-130,,,,,,,,,,,,
TX-131,,,,,,,,,,,,
TX-132,,,,,,,,,,,,
TX-133,,,,,,,,,,,,
TX-134,,,,,,,,,,,,
TX-135,,,,,,,,,,,,
TX-136,,,,,,,,,,,,
TX-137,,,,,,,,,,,,
TX-138,,,,,,,,,,,,
TX-139,,,,,,,,,,,,
TX-140,,,,,,,,,,,,
TX-141,,,,,,,,,,,,
TX-142,,,,,,,,,,,,
TX-143,,,,,,,,,,,,
TX-144,,,,,,,,,,,,
TX-145,,,,,,,,,,,,
TX-146,,,,,,,,,,,,
TX-147,,,,,,,,,,,,
TX-148,,,,,,,,,,,,
TX-149,,,,,,,,,,,,
TX-150,,,,,,,,,,,,
TX-151,,,,,,,,,,,,
TX-152,,,,,,,,,,,,
TX-153,,,,,,,,,,,,
TX-154,,,,,,,,,,,,
TX-155,,,,,,,,,,,,
TX-156,,,,,,,,,,,,
TX-157,,,,,,,,,,,,
TX-158,,,,,,,,,,,,
TX-159,,,,,,,,,,,,
TX-160,,,,,,,,,,,,
TX-161,,,,,,,,,,,,
TX-162,,,,,,,,,,,,
TX-163,,,,,,,,,,,,
TX-164,,,,,,,,,,,,
TX-165,,,,,,,,,,,,
TX-166,,,,,,,,,,,,
TX-167,,,,,,,,,,,,
TX-168,,,,,,,,,,,,
TX-169,,,,,,,,,,,,
TX-170,,,,,,,,,,,,
TX-171,,,,,,,,,,,,
TX-172,,,,,,,,,,,,
TX-173,,,,,,,,,,,,
TX-174,,,,,,,,,,,,
TX-175,,,,,,,,,,,,
TX-176,,,,,,,,,,,,
TX-177,,,,,,,,,,,,
TX-178,,,,,,,,,,,,
TX-179,,,,,,,,,,,,
TX-180,,,,,,,,,,,,
TX-181,,,,,,,,,,,,
TX-182,,,,,,,,,,,,
TX-183,,,,,,,,,,,,
TX-184,,,,,,,,,,,,
TX-185,,,,,,,,,,,,
TX-186,,,,,,,,,,,,
TX-187,,,,,,,,,,,,
TX-188,,,,,,,,,,,,
TX-189,,,,,,,,,,,,
TX-190,,,,,,,,,,,,
TX-191,,,,,,,,,,,,
TX-192,,,,,,,,,,,,
TX-193,,,,,,,,,,,,
TX-194,,,,,,,,,,,,
TX-195,,,,,,,,,,,,
TX-196,,,,,,,,,,,,
TX-197,,,,,,,,,,,,
TX-198,,,,,,,,,,,,
TX-199,,,,,,,,,,,,
TX-200,,,,,,,,,,,,
TX-201,,,,,,,,,,,,
TX-202,,,,,,,,,,,,
TX-203,,,,,,,,,,,,
TX-204,,,,,,,,,,,,
TX-205,,,,,,,,,,,,
TX-206,,,,,,,,,,,,
TX-207,,,,,,,,,,,,
TX-208,,,,,,,,,,,,
TX-209,,,,,,,,,,,,
TX-210,,,,,,,,,,,,
TX-211,,,,,,,,,,,,
TX-212,,,,,,,,,,,,
TX-213,,,,,,,,,,,,
TX-214,,,,,,,,,,,,
TX-215,,,,,,,,,,,,
TX-216,,,,,,,,,,,,
TX-217,,,,,,,,,,,,
TX-218,,,,,,,,,,,,
TX-219,,,,,,,,,,,,
TX-220,,,,,,,,,,,,
TX-221,,,,,,,,,,,,
TX-222,,,,,,,,,,,,
TX-223,,,,,,,,,,,,
TX-224,,,,,,,,,,,,
TX-225,,,,,,,,,,,,
TX-226,,,,,,,,,,,,
TX-227,,,,,,,,,,,,
TX-228,,,,,,,,,,,,
TX-229,,,,,,,,,,,,
TX-230,,,,,,,,,,,,
TX-231,,,,,,,,,,,,
TX-232,,,,,,,,,,,,
TX-233,,,,,,,,,,,,
TX-234,,,,,,,,,,,,
TX-235,,,,,,,,,,,,
TX-236,,,,,,,,,,,,
TX-237,,,,,,,,,,,,
TX-238,,,,,,,,,,,,
TX-239,,,,,,,,,,,,
TX-240,,,,,,,,,,,,
TX-241,,,,,,,,,,,,
TX-242,,,,,,,,,,,,
TX-243,,,,,,,,,,,,
TX-244,,,,,,,,,,,,
TX-245,,,,,,,,,,,,
TX-246,,,,,,,,,,,,
TX-247,,,,,,,,,,,,
TX-248,,,,,,,,,,,,
TX-249,,,,,,,,,,,,
TX-250,,,,,,,,,,,,
TX-251,,,,,,,,,,,,
TX-252,,,,,,,,,,,,
TX-253,,,,,,,,,,,,
TX-254,,,,,,,,,,,,
TX-255,,,,,,,,,,,,
TX-256,,,,,,,,,,,,
TX-257,,,,,,,,,,,,
TX-258,,,,,,,,,,,,
TX-259,,,,,,,,,,,,
TX-260,,,,,,,,,,,,
TX-261,,,,,,,,,,,,
TX-262,,,,,,,,,,,,
TX-263,,,,,,,,,,,,
TX-264,,,,,,,,,,,,
TX-265,,,,,,,,,,,,
TX-266,,,,,,,,,,,,
TX-267,,,,,,,,,,,,
TX-268,,,,,,,,,,,,
TX-269,,,,,,,,,,,,
TX-270,,,,,,,,,,,,
TX-271,,,,,,,,,,,,
TX-272,,,,,,,,,,,,
TX-273,,,,,,,,,,,,
TX-274,,,,,,,,,,,,
TX-275,,,,,,,,,,,,
TX-276,,,,,,,,,,,,
TX-277,,,,,,,,,,,,
TX-278,,,,,,,,,,,,
TX-279,,,,,,,,,,,,
TX-280,,,,,,,,,,,,
TX-281,,,,,,,,,,,,
TX-282,,,,,,,,,,,,
TX-283,,,,,,,,,,,,
TX-284,,,,,,,,,,,,
TX-285,,,,,,,,,,,,
TX-286,,,,,,,,,,,,
TX-287,,,,,,,,,,,,
TX-288,,,,,,,,,,,,
TX-289,,,,,,,,,,,,
TX-290,,,,,,,,,,,,
TX-291,,,,,,,,,,,,
UT-1,,,,,,,,,,,,
UT-2,,,,,,,,,,,,
UT-3,,,,,,,,,,,,
UT-4,,,,,,,,,,,,
UT-5,,,,,,,,,,,,
UT-6,,,,,,,,,,,,
UT-7,,,,,,,,,,,,
UT-8,,,,,,,,,,,,
UT-9,,,,,,,,,,,,
UT-10,,,,,,,,,,,,
UT-11,,,,,,,,,,,,
UT-12,,,,,,,,,,,,
UT-13,,,,,,,,,,,,
UT-14,,,,,,,,,,,,
UT-15,,,,,,,,,,,,
UT-16,,,,,,,,,,,,
UT-17,,,,,,,,,,,,
UT-18,,,,,,,,,,,,
UT-19,,,,,,,,,,,,
UT-20,,,,,,,,,,,,
UT-21,,,,,,,,,,,,
UT-22,,,,,,,,,,,,
UT-23,,,,,,,,,,,,
UT-24,,,,,,,,,,,,
UT-25,,,,,,,,,,,,
UT-26,,,,,,,,,,,,
UT-27,,,,,,,,,,,,
UT-28,,,,,,,,,,,,
UT-29,,,,,,,,,,,,
UT-30,,,,,,,,,,,,
UT-31,,,,,,,,,,,,
UT-32,,,,,,,,,,,,
UT-33,,,,,,,,,,,,
VA-1,,,,,,,,,,,,
VA-2,,,,,,,,,,,,
VA-3,,,,,,,,,,,,
VA-4,,,,,,,,,,,,
VA-5,,,,,,,,,,,,
VA-6,,,,,,,,,,,,
VA-7,,,,,,,,,,,,
VA-8,,,,,,,,,,,,
VA-9,,,,,,,,,,,,
VA-10,,,,,,,,,,,,
VA-11,,,,,,,,,,,,
VA-12,,,,,,,,,,,,
VA-13,,,,,,,,,,,,
VA-14,,,,,,,,,,,,
VA-15,,,,,,,,,,,,
VA-16,,,,,,,,,,,,
VA-17,,,,,,,,,,,,
VA-18,,,,,,,,,,,,
VA-19,,,,,,,,,,,,
VA-20,,,,,,,,,,,,
VA-21,,,,,,,,,,,,
VA-22,,,,,,,,,,,,
VA-23,,,,,,,,,,,,
VA-24,,,,,,,,,,,,
VA-25,,,,,,,,,,,,
VA-26,,,,,,,,,,,,
VA-27,,,,,,,,,,,,
VA-28,,,,,,,,,,,,
VA-29,,,,,,,,,,,,
VA-30,,,,,,,,,,,,
VA-31,,,,,,,,,,,,
VA-32,,,,,,,,,,,,
VA-33,,,,,,,,,,,,
VA-34,,,,,,,,,,,,
VA-35,,,,,,,,,,,,
VA-36,,,,,,,,,,,,
VA-37,,,,,,,,,,,,
VA-38,,,,,,,,,,,,
VA-39,,,,,,,,,,,,
VA-40,,,,,,,,,,,,
VA-41,,,,,,,,,,,,
VA-42,,,,,,,,,,,,
VA-43,,,,,,,,,,,,
VA-44,,,,,,,,,,,,
VA-45,,,,,,,,,,,,
VA-46,,,,,,,,,,,,
VA-47,,,,,,,,,,,,
VA-48,,,,,,,,,,,,
VA-49,,,,,,,,,,,,
VA-50,,,,,,,,,,,,
VA-51,,,,,,,,,,,,
VA-52,,,,,,,,,,,,
VA-53,,,,,,,,,,,,
VA-54,,,,,,,,,,,,
VA-55,,,,,,,,,,,,
VA-56,,,,,,,,,,,,
VA-57,,,,,,,,,,,,
VA-58,,,,,,,,,,,,
VA-59,,,,,,,,,,,,
VA-60,,,,,,,,,,,,
VA-61,,,,,,,,,,,,
VA-62,,,,,,,,,,,,
VA-63,,,,,,,,,,,,
VA-64,,,,,,,,,,,,
VA-65,,,,,,,,,,,,
VA-66,,,,,,,,,,,,
VA-67,,,,,,,,,,,,
VA-68,,,,,,,,,,,,
VA-69,,,,,,,,,,,,
VA-70,,,,,,,,,,,,
VA-71,,,,,,,,,,,,
VA-72,,,,,,,,,,,,
VA-73,,,,,,,,,,,,
VA-74,,,,,,,,,,,,
VA-75,,,,,,,,,,,,
VA-76,,,,,,,,,,,,
VA-77,,,,,,,,,,,,
VA-78,,,,,,,,,,,,
VA-79,,,,,,,,,,,,
VA-80,,,,,,,,,,,,
VA-81,,,,,,,,,,,,
VA-82,,,,,,,,,,,,
VA-83,,,,,,,,,,,,
VA-84,,,,,,,,,,,,
VA-85,,,,,,,,,,,,
VA-86,,,,,,,,,,,,
VT-1,,,,,,,,,,,,
VT-2,,,,,,,,,,,,
VT-3,,,,,,,,,,,,
VT-4,,,,,,,,,,,,
VT-5,,,,,,,,,,,,
VT-6,,,,,,,,,,,,
WA-1,,,,,,,,,,,,
WA-2,,,,,,,,,,,,
WA-3,,,,,,,,,,,,
WA-4,,,,,,,,,,,,
WA-5,,,,,,,,,,,,
WA-6,,,,,,,,,,,,
WA-7,,,,,,,,,,,,
WA-8,,,,,,,,,,,,
WA-9,,,,,,,,,,,,
WA-10,,,,,,,,,,,,
WA-11,,,,,,,,,,,,
WA-12,,,,,,,,,,,,
WA-13,,,,,,,,,,,,
WA-14,,,,,,,,,,,,
WA-15,,,,,,,,,,,,
WA-16,,,,,,,,,,,,
WA-17,,,,,,,,,,,,
WA-18,,,,,,,,,,,,
WA-19,,,,,,,,,,,,
WA-20,,,,,,,,,,,,
WA-21,,,,,,,,,,,,
WA-22,,,,,,,,,,,,
WA-23,,,,,,,,,,,,
WA-24,,,,,,,,,,,,
WA-25,,,,,,,,,,,,
WA-26,,,,,,,,,,,,
WA-27,,,,,,,,,,,,
WA-28,,,,,,,,,,,,
WA-29,,,,,,,,,,,,
WA-30,,,,,,,,,,,,
WA-31,,,,,,,,,,,,
WA-32,,,,,,,,,,,,
WA-33,,,,,,,,,,,,
WA-34,,,,,,,,,,,,
WA-35,,,,,,,,,,,,
WA-36,,,,,,,,,,,,
WA-37,,,,,,,,,,,,
WA-38,,,,,,,,,,,,
WA-39,,,,,,,,,,,,
WA-40,,,,,,,,,,,,
WA-41,,,,,,,,,,,,
WA-42,,,,,,,,,,,,
WA-43,,,,,,,,,,,,
WA-44,,,,,,,,,,,,
WA-45,,,,,,,,,,,,
WA-46,,,,,,,,,,,,
WA-47,,,,,,,,,,,,
WA-48,,,,,,,,,,,,
WA-49,,,,,,,,,,,,
WA-50,,,,,,,,,,,,
WA-51,,,,,,,,,,,,
WA-52,,,,,,,,,,,,
WA-53,,,,,,,,,,,,
WA-54,,,,,,,,,,,,
WA-55,,,,,,,,,,,,
WA-56,,,,,,,,,,,,
WA-57,,,,,,,,,,,,
WA-58,,,,,,,,,,,,
WA-59,,,,,,,,,,,,
WA-60,,,,,,,,,,,,
WA-61,,,,,,,,,,,,
WA-62,,,,,,,,,,,,
WA-63,,,,,,,,,,,,
WA-64,,,,,,,,,,,,
WA-65,,,,,,,,,,,,
WA-66,,,,,,,,,,,,
WA-67,,,,,,,,,,,,
WA-68,,,,,,,,,,,,
WA-69,,,,,,,,,,,,
WA-70,,,,,,,,,,,,
WA-71,,,,,,,,,,,,
WA-72,,,,,,,,,,,,
WA-73,,,,,,,,,,,,
WA-74,,,,,,,,,,,,
WA-75,,,,,,,,,,,,
WA-76,,,,,,,,,,,,
WA-77,,,,,,,,,,,,
WI-1,,,,,,,,,,,,
WI-2,,,,,,,,,,,,
WI-3,,,,,,,,,,,,
WI-4,,,,,,,,,,,,
WI-5,,,,,,,,,,,,
WI-6,,,,,,,,,,,,
WI-7,,,,,,,,,,,,
WI-8,,,,,,,,,,,,
WI-9,,,,,,,,,,,,
WI-10,,,,,,,,,,,,
WI-11,,,,,,,,,,,,
WI-12,,,,,,,,,,,,
WI-13,,,,,,,,,,,,
WI-14,,,,,,,,,,,,
WI-15,,,,,,,,,,,,
WI-16,,,,,,,,,,,,
WI-17,,,,,,,,,,,,
WI-18,,,,,,,,,,,,
WI-19,,,,,,,,,,,,
WI-20,,,,,,,,,,,,
WI-21,,,,,,,,,,,,
WI-22,,,,,,,,,,,,
WI-23,,,,,,,,,,,,
WI-24,,,,,,,,,,,,
WI-25,,,,,,,,,,,,
WI-26,,,,,,,,,,,,
WI-27,,,,,,,,,,,,
WI-28,,,,,,,,,,,,
WI-29,,,,,,,,,,,,
WI-30,,,,,,,,,,,,
WI-31,,,,,,,,,,,,
WI-32,,,,,,,,,,,,
WI-33,,,,,,,,,,,,
WI-34,,,,,,,,,,,,
WI-35,,,,,,,,,,,,
WI-36,,,,,,,,,,,,
WI-37,,,,,,,,,,,,
WI-38,,,,,,,,,,,,
WI-39,,,,,,,,,,,,
WI-40,,,,,,,,,,,,
WI-41,,,,,,,,,,,,
WI-42,,,,,,,,,,,,
WI-43,,,,,,,,,,,,
WI-44,,,,,,,,,,,,
WI-45,,,,,,,,,,,,
WI-46,,,,,,,,,,,,
WI-47,,,,,,,,,,,,
WI-48,,,,,,,,,,,,
WI-49,,,,,,,,,,,,
WI-50,,,,,,,,,,,,
WI-51,,,,,,,,,,,,
WI-52,,,,,,,,,,,,
WI-53,,,,,,,,,,,,
WI-54,,,,,,,,,,,,
WI-55,,,,,,,,,,,,
WI-56,,,,,,,,,,,,
WI-57,,,,,,,,,,,,
WI-58,,,,,,,,,,,,
WI-59,,,,,,,,,,,,
WV-1,,,,,,,,,,,,
WV-2,,,,,,,,,,,,
WV-3,,,,,,,,,,,,
WV-4,,,,,,,,,,,,
WV-5,,,,,,,,,,,,
WV-6,,,,,,,,,,,,
WV-7,,,,,,,,,,,,
WV-8,,,,,,,,,,,,
WV-9,,,,,,,,,,,,
WV-10,,,,,,,,,,,,
WV-11,,,,,,,,,,,,
WV-12,,,,,,,,,,,,
WV-13,,,,,,,,,,,,
WV-14,,,,,,,,,,,,
WV-15,,,,,,,,,,,,
WV-16,,,,,,,,,,,,
WV-17,,,,,,,,,,,,
WV-18,,,,,,,,,,,,
WY-1,,,,,,,,,,,,
WY-2,,,,,,,,,,,,
WY-3,,,,,,,,,,,,
WY-4,,,,,,,,,,,,
WY-5,,,,,,,,,,,,
WY-6,,,,,,,,,,,,
