CD,E_17_SEN_SPEC_Total,E_17_SEN_SPEC_Dem,E_17_SEN_SPEC_Rep,E_18_SEN_SPEC_Total,E_18_SEN_SPEC_Dem,E_18_SEN_SPEC_Rep,E_20_SEN_SPEC_Total,E_20_SEN_SPEC_Dem,E_20_SEN_SPEC_Rep,E_21_GOV_Recall_Total,E_21_GOV_Recall_Dem,E_21_GOV_Recall_Rep,E_24_SEN_SPEC_Total,E_24_SEN_SPEC_Dem,E_24_SEN_SPEC_Rep
AK-AL,,,,,,,,,,,,,,,
AL-01,175379,59957,112176,,,,,,,,,,,,
AL-02,220518,148153,70219,,,,,,,,,,,,
AL-03,164405,73002,89106,,,,,,,,,,,,
AL-04,166815,42813,121051,,,,,,,,,,,,
AL-05,195594,100553,90320,,,,,,,,,,,,
AL-06,206840,82861,118822,,,,,,,,,,,,
AL-07,219198,166550,50289,,,,,,,,,,,,
AR-01,,,,,,,,,,,,,,,
AR-02,,,,,,,,,,,,,,,
AR-03,,,,,,,,,,,,,,,
AR-04,,,,,,,,,,,,,,,
AZ-01,,,,,,,,,,,,,,,
AZ-02,,,,,,,,,,,,,,,
AZ-03,,,,,,,,,,,,,,,
AZ-04,,,,,,,,,,,,,,,
AZ-05,,,,,,,,,,,,,,,
AZ-06,,,,,,,,,,,,,,,
AZ-07,,,,,,,,,,,,,,,
AZ-08,,,,,,,,,,,,,,,
AZ-09,,,,,,,,,,,,,,,
CA-01,,,,,,,,,,274182,96980,177211,,,
CA-02,,,,,,,,,,344341,251267,93078,,,
CA-03,,,,,,,,,,368078,166594,201477,,,
CA-04,,,,,,,,,,297101,195333,101763,,,
CA-05,,,,,,,,,,330744,122723,208016,,,
CA-06,,,,,,,,,,255937,151842,104095,,,
CA-07,,,,,,,,,,255847,163164,92686,,,
CA-08,,,,,,,,,,241074,184500,56580,,,
CA-09,,,,,,,,,,192512,103162,89353,,,
CA-10,,,,,,,,,,327487,220148,107338,,,
CA-11,,,,,,,,,,304372,264116,40257,,,
CA-12,,,,,,,,,,276214,250229,25987,,,
CA-13,,,,,,,,,,158086,79072,79015,,,
CA-14,,,,,,,,,,246980,178585,68384,,,
CA-15,,,,,,,,,,268368,210656,57709,,,
CA-16,,,,,,,,,,329547,254820,74733,,,
CA-17,,,,,,,,,,225546,166894,58650,,,
CA-18,,,,,,,,,,239323,174237,65084,,,
CA-19,,,,,,,,,,236198,148463,87732,,,
CA-20,,,,,,,,,,240997,76001,165008,,,
CA-21,,,,,,,,,,168687,93809,74883,,,
CA-22,,,,,,,,,,118655,59190,59446,,,
CA-23,,,,,,,,,,219513,85379,134131,,,
CA-24,,,,,,,,,,295288,177871,117423,,,
CA-25,,,,,,,,,,200153,115071,85079,,,
CA-26,,,,,,,,,,282812,159690,123122,,,
CA-27,,,,,,,,,,228995,119548,109450,,,
CA-28,,,,,,,,,,242546,163069,79473,,,
CA-29,,,,,,,,,,171366,127365,43999,,,
CA-30,,,,,,,,,,287763,211578,76193,,,
CA-31,,,,,,,,,,219481,138323,81158,,,
CA-32,,,,,,,,,,301160,204691,96467,,,
CA-33,,,,,,,,,,164412,99062,65353,,,
CA-34,,,,,,,,,,175199,148211,26989,,,
CA-35,,,,,,,,,,218872,120130,98743,,,
CA-36,,,,,,,,,,318170,212589,105582,,,
CA-37,,,,,,,,,,192549,166963,25589,,,
CA-38,,,,,,,,,,206549,138886,67661,,,
CA-39,,,,,,,,,,173749,101921,71828,,,
CA-40,,,,,,,,,,346239,163143,183091,,,
CA-41,,,,,,,,,,243824,112237,131601,,,
CA-42,,,,,,,,,,213811,147315,66493,,,
CA-43,,,,,,,,,,160049,120856,39190,,,
CA-44,,,,,,,,,,171210,145385,25824,,,
CA-45,,,,,,,,,,255026,136744,118283,,,
CA-46,,,,,,,,,,160400,103358,57040,,,
CA-47,,,,,,,,,,299870,154991,144885,,,
CA-48,,,,,,,,,,305922,112632,193272,,,
CA-49,,,,,,,,,,300792,153119,147675,,,
CA-50,,,,,,,,,,303879,178101,125782,,,
CA-51,,,,,,,,,,272741,183271,89472,,,
CA-52,,,,,,,,,,199995,127527,72467,,,
CO-01,,,,,,,,,,,,,,,
CO-02,,,,,,,,,,,,,,,
CO-03,,,,,,,,,,,,,,,
CO-04,,,,,,,,,,,,,,,
CO-05,,,,,,,,,,,,,,,
CO-06,,,,,,,,,,,,,,,
CO-07,,,,,,,,,,,,,,,
CO-08,,,,,,,,,,,,,,,
CT-01,,,,,,,,,,,,,,,
CT-02,,,,,,,,,,,,,,,
CT-03,,,,,,,,,,,,,,,
CT-04,,,,,,,,,,,,,,,
CT-05,,,,,,,,,,,,,,,
DE-AL,,,,,,,,,,,,,,,
FL-01,,,,,,,,,,,,,,,
FL-02,,,,,,,,,,,,,,,
FL-03,,,,,,,,,,,,,,,
FL-04,,,,,,,,,,,,,,,
FL-05,,,,,,,,,,,,,,,
FL-06,,,,,,,,,,,,,,,
FL-07,,,,,,,,,,,,,,,
FL-08,,,,,,,,,,,,,,,
FL-09,,,,,,,,,,,,,,,
FL-10,,,,,,,,,,,,,,,
FL-11,,,,,,,,,,,,,,,
FL-12,,,,,,,,,,,,,,,
FL-13,,,,,,,,,,,,,,,
FL-14,,,,,,,,,,,,,,,
FL-15,,,,,,,,,,,,,,,
FL-16,,,,,,,,,,,,,,,
FL-17,,,,,,,,,,,,,,,
FL-18,,,,,,,,,,,,,,,
FL-19,,,,,,,,,,,,,,,
FL-20,,,,,,,,,,,,,,,
FL-21,,,,,,,,,,,,,,,
FL-22,,,,,,,,,,,,,,,
FL-23,,,,,,,,,,,,,,,
FL-24,,,,,,,,,,,,,,,
FL-25,,,,,,,,,,,,,,,
FL-26,,,,,,,,,,,,,,,
FL-27,,,,,,,,,,,,,,,
FL-28,,,,,,,,,,,,,,,
GA-01,,,,,,,296911,137928,158983,,,,,,
GA-02,,,,,,,288144,162567,125577,,,,,,
GA-03,,,,,,,348997,117551,231446,,,,,,
GA-04,,,,,,,341664,284114,57550,,,,,,
GA-05,,,,,,,344735,295372,49363,,,,,,
GA-06,,,,,,,383715,189253,194462,,,,,,
GA-07,,,,,,,280468,165097,115371,,,,,,
GA-08,,,,,,,271141,82163,188978,,,,,,
GA-09,,,,,,,338138,91898,246240,,,,,,
GA-10,,,,,,,331216,100938,230278,,,,,,
GA-11,,,,,,,335881,205732,130149,,,,,,
GA-12,,,,,,,317099,154485,162614,,,,,,
GA-13,,,,,,,313188,225342,87846,,,,,,
GA-14,,,,,,,293657,76673,216984,,,,,,
HI-01,,,,,,,,,,,,,,,
HI-02,,,,,,,,,,,,,,,
IA-01,,,,,,,,,,,,,,,
IA-02,,,,,,,,,,,,,,,
IA-03,,,,,,,,,,,,,,,
IA-04,,,,,,,,,,,,,,,
ID-01,,,,,,,,,,,,,,,
ID-02,,,,,,,,,,,,,,,
IL-01,,,,,,,,,,,,,,,
IL-02,,,,,,,,,,,,,,,
IL-03,,,,,,,,,,,,,,,
IL-04,,,,,,,,,,,,,,,
IL-05,,,,,,,,,,,,,,,
IL-06,,,,,,,,,,,,,,,
IL-07,,,,,,,,,,,,,,,
IL-08,,,,,,,,,,,,,,,
IL-09,,,,,,,,,,,,,,,
IL-10,,,,,,,,,,,,,,,
IL-11,,,,,,,,,,,,,,,
IL-12,,,,,,,,,,,,,,,
IL-13,,,,,,,,,,,,,,,
IL-14,,,,,,,,,,,,,,,
IL-15,,,,,,,,,,,,,,,
IL-16,,,,,,,,,,,,,,,
IL-17,,,,,,,,,,,,,,,
IN-01,,,,,,,,,,,,,,,
IN-02,,,,,,,,,,,,,,,
IN-03,,,,,,,,,,,,,,,
IN-04,,,,,,,,,,,,,,,
IN-05,,,,,,,,,,,,,,,
IN-06,,,,,,,,,,,,,,,
IN-07,,,,,,,,,,,,,,,
IN-08,,,,,,,,,,,,,,,
IN-09,,,,,,,,,,,,,,,
KS-01,,,,,,,,,,,,,,,
KS-02,,,,,,,,,,,,,,,
KS-03,,,,,,,,,,,,,,,
KS-04,,,,,,,,,,,,,,,
KY-01,,,,,,,,,,,,,,,
KY-02,,,,,,,,,,,,,,,
KY-03,,,,,,,,,,,,,,,
KY-04,,,,,,,,,,,,,,,
KY-05,,,,,,,,,,,,,,,
KY-06,,,,,,,,,,,,,,,
LA-01,,,,,,,,,,,,,,,
LA-02,,,,,,,,,,,,,,,
LA-03,,,,,,,,,,,,,,,
LA-04,,,,,,,,,,,,,,,
LA-05,,,,,,,,,,,,,,,
LA-06,,,,,,,,,,,,,,,
MA-01,,,,,,,,,,,,,,,
MA-02,,,,,,,,,,,,,,,
MA-03,,,,,,,,,,,,,,,
MA-04,,,,,,,,,,,,,,,
MA-05,,,,,,,,,,,,,,,
MA-06,,,,,,,,,,,,,,,
MA-07,,,,,,,,,,,,,,,
MA-08,,,,,,,,,,,,,,,
MA-09,,,,,,,,,,,,,,,
MD-01,,,,,,,,,,,,,,,
MD-02,,,,,,,,,,,,,,,
MD-03,,,,,,,,,,,,,,,
MD-04,,,,,,,,,,,,,,,
MD-05,,,,,,,,,,,,,,,
MD-06,,,,,,,,,,,,,,,
MD-07,,,,,,,,,,,,,,,
MD-08,,,,,,,,,,,,,,,
ME-01,,,,,,,,,,,,,,,
ME-02,,,,,,,,,,,,,,,
MI-01,,,,,,,,,,,,,,,
MI-02,,,,,,,,,,,,,,,
MI-03,,,,,,,,,,,,,,,
MI-04,,,,,,,,,,,,,,,
MI-05,,,,,,,,,,,,,,,
MI-06,,,,,,,,,,,,,,,
MI-07,,,,,,,,,,,,,,,
MI-08,,,,,,,,,,,,,,,
MI-09,,,,,,,,,,,,,,,
MI-10,,,,,,,,,,,,,,,
MI-11,,,,,,,,,,,,,,,
MI-12,,,,,,,,,,,,,,,
MI-13,,,,,,,,,,,,,,,
MN-01,,,,,,,,,,,,,,,
MN-02,,,,,,,,,,,,,,,
MN-03,,,,,,,,,,,,,,,
MN-04,,,,,,,,,,,,,,,
MN-05,,,,,,,,,,,,,,,
MN-06,,,,,,,,,,,,,,,
MN-07,,,,,,,,,,,,,,,
MN-08,,,,,,,,,,,,,,,
MO-01,,,,,,,,,,,,,,,
MO-02,,,,,,,,,,,,,,,
MO-03,,,,,,,,,,,,,,,
MO-04,,,,,,,,,,,,,,,
MO-05,,,,,,,,,,,,,,,
MO-06,,,,,,,,,,,,,,,
MO-07,,,,,,,,,,,,,,,
MO-08,,,,,,,,,,,,,,,
MS-01,,,,215067,80624,134443,,,,,,,,,
MS-02,,,,257051,171621,85430,,,,,,,,,
MS-03,,,,246186,103407,142779,,,,,,,,,
MS-04,,,,189284,65167,124117,,,,,,,,,
MT-01,,,,,,,,,,,,,,,
MT-02,,,,,,,,,,,,,,,
NC-01,,,,,,,,,,,,,,,
NC-02,,,,,,,,,,,,,,,
NC-03,,,,,,,,,,,,,,,
NC-04,,,,,,,,,,,,,,,
NC-05,,,,,,,,,,,,,,,
NC-06,,,,,,,,,,,,,,,
NC-07,,,,,,,,,,,,,,,
NC-08,,,,,,,,,,,,,,,
NC-09,,,,,,,,,,,,,,,
NC-10,,,,,,,,,,,,,,,
NC-11,,,,,,,,,,,,,,,
NC-12,,,,,,,,,,,,,,,
NC-13,,,,,,,,,,,,,,,
NC-14,,,,,,,,,,,,,,,
ND-AL,,,,,,,,,,,,,,,
NE-01,,,,,,,,,,,,,298213,155734,142479
NE-02,,,,,,,,,,,,,327617,135098,192519
NE-03,,,,,,,,,,,,,309175,59070,250105
NH-01,,,,,,,,,,,,,,,
NH-02,,,,,,,,,,,,,,,
NJ-01,,,,,,,,,,,,,,,
NJ-02,,,,,,,,,,,,,,,
NJ-03,,,,,,,,,,,,,,,
NJ-04,,,,,,,,,,,,,,,
NJ-05,,,,,,,,,,,,,,,
NJ-06,,,,,,,,,,,,,,,
NJ-07,,,,,,,,,,,,,,,
NJ-08,,,,,,,,,,,,,,,
NJ-09,,,,,,,,,,,,,,,
NJ-10,,,,,,,,,,,,,,,
NJ-11,,,,,,,,,,,,,,,
NJ-12,,,,,,,,,,,,,,,
NM-01,,,,,,,,,,,,,,,
NM-02,,,,,,,,,,,,,,,
NM-03,,,,,,,,,,,,,,,
NV-01,,,,,,,,,,,,,,,
NV-02,,,,,,,,,,,,,,,
NV-03,,,,,,,,,,,,,,,
NV-04,,,,,,,,,,,,,,,
NY-01,,,,,,,,,,,,,,,
NY-02,,,,,,,,,,,,,,,
NY-03,,,,,,,,,,,,,,,
NY-04,,,,,,,,,,,,,,,
NY-05,,,,,,,,,,,,,,,
NY-06,,,,,,,,,,,,,,,
NY-07,,,,,,,,,,,,,,,
NY-08,,,,,,,,,,,,,,,
NY-09,,,,,,,,,,,,,,,
NY-10,,,,,,,,,,,,,,,
NY-11,,,,,,,,,,,,,,,
NY-12,,,,,,,,,,,,,,,
NY-13,,,,,,,,,,,,,,,
NY-14,,,,,,,,,,,,,,,
NY-15,,,,,,,,,,,,,,,
NY-16,,,,,,,,,,,,,,,
NY-17,,,,,,,,,,,,,,,
NY-18,,,,,,,,,,,,,,,
NY-19,,,,,,,,,,,,,,,
NY-20,,,,,,,,,,,,,,,
NY-21,,,,,,,,,,,,,,,
NY-22,,,,,,,,,,,,,,,
NY-23,,,,,,,,,,,,,,,
NY-24,,,,,,,,,,,,,,,
NY-25,,,,,,,,,,,,,,,
NY-26,,,,,,,,,,,,,,,
OH-01,,,,,,,,,,,,,,,
OH-02,,,,,,,,,,,,,,,
OH-03,,,,,,,,,,,,,,,
OH-04,,,,,,,,,,,,,,,
OH-05,,,,,,,,,,,,,,,
OH-06,,,,,,,,,,,,,,,
OH-07,,,,,,,,,,,,,,,
OH-08,,,,,,,,,,,,,,,
OH-09,,,,,,,,,,,,,,,
OH-10,,,,,,,,,,,,,,,
OH-11,,,,,,,,,,,,,,,
OH-12,,,,,,,,,,,,,,,
OH-13,,,,,,,,,,,,,,,
OH-14,,,,,,,,,,,,,,,
OH-15,,,,,,,,,,,,,,,
OK-01,,,,,,,,,,,,,,,
OK-02,,,,,,,,,,,,,,,
OK-03,,,,,,,,,,,,,,,
OK-04,,,,,,,,,,,,,,,
OK-05,,,,,,,,,,,,,,,
OR-01,,,,,,,,,,,,,,,
OR-02,,,,,,,,,,,,,,,
OR-03,,,,,,,,,,,,,,,
OR-04,,,,,,,,,,,,,,,
OR-05,,,,,,,,,,,,,,,
OR-06,,,,,,,,,,,,,,,
PA-01,,,,,,,,,,,,,,,
PA-02,,,,,,,,,,,,,,,
PA-03,,,,,,,,,,,,,,,
PA-04,,,,,,,,,,,,,,,
PA-05,,,,,,,,,,,,,,,
PA-06,,,,,,,,,,,,,,,
PA-07,,,,,,,,,,,,,,,
PA-08,,,,,,,,,,,,,,,
PA-09,,,,,,,,,,,,,,,
PA-10,,,,,,,,,,,,,,,
PA-11,,,,,,,,,,,,,,,
PA-12,,,,,,,,,,,,,,,
PA-13,,,,,,,,,,,,,,,
PA-14,,,,,,,,,,,,,,,
PA-15,,,,,,,,,,,,,,,
PA-16,,,,,,,,,,,,,,,
PA-17,,,,,,,,,,,,,,,
RI-01,,,,,,,,,,,,,,,
RI-02,,,,,,,,,,,,,,,
SC-01,,,,,,,,,,,,,,,
SC-02,,,,,,,,,,,,,,,
SC-03,,,,,,,,,,,,,,,
SC-04,,,,,,,,,,,,,,,
SC-05,,,,,,,,,,,,,,,
SC-06,,,,,,,,,,,,,,,
SC-07,,,,,,,,,,,,,,,
SD-AL,,,,,,,,,,,,,,,
TN-01,,,,,,,,,,,,,,,
TN-02,,,,,,,,,,,,,,,
TN-03,,,,,,,,,,,,,,,
TN-04,,,,,,,,,,,,,,,
TN-05,,,,,,,,,,,,,,,
TN-06,,,,,,,,,,,,,,,
TN-07,,,,,,,,,,,,,,,
TN-08,,,,,,,,,,,,,,,
TN-09,,,,,,,,,,,,,,,
TX-01,,,,,,,,,,,,,,,
TX-02,,,,,,,,,,,,,,,
TX-03,,,,,,,,,,,,,,,
TX-04,,,,,,,,,,,,,,,
TX-05,,,,,,,,,,,,,,,
TX-06,,,,,,,,,,,,,,,
TX-07,,,,,,,,,,,,,,,
TX-08,,,,,,,,,,,,,,,
TX-09,,,,,,,,,,,,,,,
TX-10,,,,,,,,,,,,,,,
TX-11,,,,,,,,,,,,,,,
TX-12,,,,,,,,,,,,,,,
TX-13,,,,,,,,,,,,,,,
TX-14,,,,,,,,,,,,,,,
TX-15,,,,,,,,,,,,,,,
TX-16,,,,,,,,,,,,,,,
TX-17,,,,,,,,,,,,,,,
TX-18,,,,,,,,,,,,,,,
TX-19,,,,,,,,,,,,,,,
TX-20,,,,,,,,,,,,,,,
TX-21,,,,,,,,,,,,,,,
TX-22,,,,,,,,,,,,,,,
TX-23,,,,,,,,,,,,,,,
TX-24,,,,,,,,,,,,,,,
TX-25,,,,,,,,,,,,,,,
TX-26,,,,,,,,,,,,,,,
TX-27,,,,,,,,,,,,,,,
TX-28,,,,,,,,,,,,,,,
TX-29,,,,,,,,,,,,,,,
TX-30,,,,,,,,,,,,,,,
TX-31,,,,,,,,,,,,,,,
TX-32,,,,,,,,,,,,,,,
TX-33,,,,,,,,,,,,,,,
TX-34,,,,,,,,,,,,,,,
TX-35,,,,,,,,,,,,,,,
TX-36,,,,,,,,,,,,,,,
TX-37,,,,,,,,,,,,,,,
TX-38,,,,,,,,,,,,,,,
UT-01,,,,,,,,,,,,,,,
UT-02,,,,,,,,,,,,,,,
UT-03,,,,,,,,,,,,,,,
UT-04,,,,,,,,,,,,,,,
VA-01,,,,,,,,,,,,,,,
VA-02,,,,,,,,,,,,,,,
VA-03,,,,,,,,,,,,,,,
VA-04,,,,,,,,,,,,,,,
VA-05,,,,,,,,,,,,,,,
VA-06,,,,,,,,,,,,,,,
VA-07,,,,,,,,,,,,,,,
VA-08,,,,,,,,,,,,,,,
VA-09,,,,,,,,,,,,,,,
VA-10,,,,,,,,,,,,,,,
VA-11,,,,,,,,,,,,,,,
VT-AL,,,,,,,,,,,,,,,
WA-01,,,,,,,,,,,,,,,
WA-02,,,,,,,,,,,,,,,
WA-03,,,,,,,,,,,,,,,
WA-04,,,,,,,,,,,,,,,
WA-05,,,,,,,,,,,,,,,
WA-06,,,,,,,,,,,,,,,
WA-07,,,,,,,,,,,,,,,
WA-08,,,,,,,,,,,,,,,
WA-09,,,,,,,,,,,,,,,
WA-10,,,,,,,,,,,,,,,
WI-01,,,,,,,,,,,,,,,
WI-02,,,,,,,,,,,,,,,
WI-03,,,,,,,,,,,,,,,
WI-04,,,,,,,,,,,,,,,
WI-05,,,,,,,,,,,,,,,
WI-06,,,,,,,,,,,,,,,
WI-07,,,,,,,,,,,,,,,
WI-08,,,,,,,,,,,,,,,
WV-01,,,,,,,,,,,,,,,
WV-02,,,,,,,,,,,,,,,
WY-AL,,,,,,,,,,,,,,,
