CD,E_16_SEN_Total,E_16_SEN_Dem,E_16_SEN_Rep,E_16_GOV_Total,E_16_GOV_Dem,E_16_GOV_Rep,E_17_GOV_Total,E_17_GOV_Dem,E_17_GOV_Rep,E_18_SEN_Total,E_18_SEN_Dem,E_18_SEN_Rep,E_18_GOV_Total,E_18_GOV_Dem,E_18_GOV_Rep,E_19_GOV_Total,E_19_GOV_Dem,E_19_GOV_Rep,E_20_SEN_Total,E_20_SEN_Dem,E_20_SEN_Rep,E_20_GOV_Total,E_20_GOV_Dem,E_20_GOV_Rep,E_21_GOV_Total,E_21_GOV_Dem,E_21_GOV_Rep,E_22_SEN_Total,E_22_SEN_Dem,E_22_SEN_Rep,E_22_GOV_Total,E_22_GOV_Dem,E_22_GOV_Rep,E_23_GOV_Total,E_23_GOV_Dem,E_23_GOV_Rep,E_24_SEN_Total,E_24_SEN_Dem,E_24_SEN_Rep,E_24_GOV_Total,E_24_GOV_Dem,E_24_GOV_Rep,E_25_GOV_Total,E_25_GOV_Dem,E_25_GOV_Rep
AK-AL,311441,138149,90825,,,,,,,,,,283134,125739,145631,,,,353986,146068,191112,,,,,,,253864,136330,117534,188626,63851,132632,,,,,,,,,,,,
AL-01,284658,63662,220280,,,,,,,,,,227759,58914,168424,,,,322174,87654,233983,,,,,,,203537,35497,163418,203638,33206,161687,,,,,,,,,,,,
AL-02,316322,177752,138040,,,,,,,,,,259044,150955,107858,,,,328667,198358,129879,,,,,,,198547,101797,93111,198925,98868,94321,,,,,,,,,,,,
AL-03,279562,88049,191007,,,,,,,,,,225619,76558,148708,,,,313470,108312,204738,,,,,,,189573,47502,137349,189852,44820,138238,,,,,,,,,,,,
AL-04,293296,51215,241671,,,,,,,,,,234574,48239,185855,,,,326077,57890,267587,,,,,,,198484,20715,172786,198672,18228,173216,,,,,,,,,,,,
AL-05,292035,103309,188247,,,,,,,,,,250284,102857,147004,,,,345521,144858,199928,,,,,,,213694,67525,140026,213712,61507,142558,,,,,,,,,,,,
AL-06,321824,76940,244277,,,,,,,,,,266500,81670,184394,,,,362037,106271,255038,,,,,,,223047,47822,167868,223071,43663,168656,,,,,,,,,,,,
AL-07,300192,187860,111948,,,,,,,,,,255809,175302,80214,,,,318499,217135,100923,,,,,,,187356,115888,67596,187413,112669,68256,,,,,,,,,,,,
AR-01,280211,74763,193050,,,,,,,,,,222627,46504,167637,,,,304003,64874,239129,,,,,,,,,,,,,,,,,,,,,,,,
AR-02,280852,149512,121966,,,,,,,,,,235585,113184,117050,,,,288454,146736,141718,,,,,,,,,,,,,,,,,,,,,,,,
AR-03,255827,84396,159820,,,,,,,,,,204486,65572,133201,,,,294632,109354,185278,,,,,,,,,,,,,,,,,,,,,,,,
AR-04,290454,91880,187028,,,,,,,,,,228811,57958,164518,,,,306172,78426,227746,,,,,,,,,,,,,,,,,,,,,,,,
AZ-01,284173,126375,140110,,,,,,,264827,135184,121555,263875,112829,144094,,,,370914,194068,176846,,,,,,,289205,151290,131208,288295,147018,140418,,,,375621,189468,177419,,,,,,
AZ-02,336939,150476,167587,,,,,,,321897,166277,148425,320141,145572,167316,,,,419310,229581,189729,,,,,,,333001,191722,134291,331712,186076,144703,,,,411384,226366,174398,,,,,,
AZ-03,232523,119782,99828,,,,,,,210170,126015,77708,209624,112101,91940,,,,307605,191454,116151,,,,,,,214967,131707,78299,214236,127841,85737,,,,303876,176922,117636,,,,,,
AZ-04,327100,90048,211568,,,,,,,318537,105438,205284,318334,81642,231144,,,,444786,147761,297025,,,,,,,379513,127809,243463,378346,123863,253775,,,,482198,157323,316102,,,,,,
AZ-05,282906,83572,180864,,,,,,,269944,106364,157160,269172,83710,179850,,,,405160,162807,242353,,,,,,,319863,132796,179790,319155,128835,189219,,,,431589,176749,245487,,,,,,
AZ-06,344578,135613,191869,,,,,,,325270,171383,147600,323797,140089,177839,,,,435821,232253,203568,,,,,,,341022,188170,146649,339867,184543,154210,,,,419257,226488,184300,,,,,,
AZ-07,156922,94321,53503,,,,,,,135756,99207,31340,135354,87832,43043,,,,214074,158598,55476,,,,,,,131857,95482,32935,131409,93669,37212,,,,201563,140073,54987,,,,,,
AZ-08,307540,102536,183956,,,,,,,287898,126271,154355,287145,97495,182811,,,,401826,178683,223143,,,,,,,310281,141348,161851,309751,137296,171413,,,,398326,179503,209538,,,,,,
AZ-09,274379,128522,129982,,,,,,,253244,154961,91773,251927,133071,112826,,,,354632,221262,133370,,,,,,,254963,161703,87822,253794,158750,94087,,,,328323,203443,115894,,,,,,
CA-01,,,,,,,,,,,,,269853,98632,171221,,,,,,,,,,,,,246181,89071,157110,249287,81397,167890,,,,320200,114411,205789,,,,,,
CA-02,,,,,,,,,,,,,337101,242808,94293,,,,,,,,,,,,,309464,224855,84609,312373,220699,91674,,,,382893,272698,110195,,,,,,
CA-03,,,,,,,,,,,,,333216,147423,185793,,,,,,,,,,,,,332525,153688,178837,335978,146058,189920,,,,420189,192592,227597,,,,,,
CA-04,,,,,,,,,,,,,285027,184065,100962,,,,,,,,,,,,,260143,170842,89301,262657,166540,96117,,,,343275,221415,121860,,,,,,
CA-05,,,,,,,,,,,,,306088,114736,191352,,,,,,,,,,,,,289885,106462,183423,294018,100844,193174,,,,381837,140046,241791,,,,,,
CA-06,,,,,,,,,,,,,241017,141311,99706,,,,,,,,,,,,,219078,131964,87114,221467,127608,93859,,,,296351,174635,121716,,,,,,
CA-07,,,,,,,,,,,,,239279,149433,89846,,,,,,,,,,,,,217470,137094,80376,220080,133682,86398,,,,298100,182916,115184,,,,,,
CA-08,,,,,,,,,,,,,227073,169488,57585,,,,,,,,,,,,,198341,149145,49196,200390,147584,52806,,,,278391,200785,77606,,,,,,
CA-09,,,,,,,,,,,,,187216,99438,87778,,,,,,,,,,,,,168423,88391,80032,170283,83753,86530,,,,247335,124704,122631,,,,,,
CA-10,,,,,,,,,,,,,297169,187873,109296,,,,,,,,,,,,,278722,182686,96036,282460,180906,101554,,,,364937,233143,131794,,,,,,
CA-11,,,,,,,,,,,,,327554,284774,42780,,,,,,,,,,,,,270212,233730,36482,273389,235439,37950,,,,340006,284012,55994,,,,,,
CA-12,,,,,,,,,,,,,295333,267104,28229,,,,,,,,,,,,,239908,217269,22639,244286,219757,24529,,,,300650,263862,36788,,,,,,
CA-13,,,,,,,,,,,,,162060,87174,74886,,,,,,,,,,,,,136724,69008,67716,138831,65792,73039,,,,212370,104977,107393,,,,,,
CA-14,,,,,,,,,,,,,234051,164183,69868,,,,,,,,,,,,,198455,138776,59679,203442,139660,63782,,,,277888,186825,91063,,,,,,
CA-15,,,,,,,,,,,,,259094,197656,61438,,,,,,,,,,,,,220142,168586,51556,223364,168715,54649,,,,294548,216211,78337,,,,,,
CA-16,,,,,,,,,,,,,331478,248115,83363,,,,,,,,,,,,,290282,222142,68140,292407,218818,73589,,,,363078,271715,91363,,,,,,
CA-17,,,,,,,,,,,,,213128,151842,61286,,,,,,,,,,,,,186139,131432,54707,188756,131987,56769,,,,256805,174441,82364,,,,,,
CA-18,,,,,,,,,,,,,231965,164957,67008,,,,,,,,,,,,,200578,141011,59567,202754,139333,63421,,,,277012,187029,89983,,,,,,
CA-19,,,,,,,,,,,,,224283,137038,87245,,,,,,,,,,,,,201814,124065,77749,203891,119950,83941,,,,280631,168624,112007,,,,,,
CA-20,,,,,,,,,,,,,224447,74713,149734,,,,,,,,,,,,,208463,65748,142715,210365,62184,148181,,,,294006,95610,198396,,,,,,
CA-21,,,,,,,,,,,,,170285,95081,75204,,,,,,,,,,,,,138451,74760,63691,141207,73006,68201,,,,209791,110783,99008,,,,,,
CA-22,,,,,,,,,,,,,119459,65408,54051,,,,,,,,,,,,,105456,54697,50759,106339,51545,54794,,,,168966,80848,88118,,,,,,
CA-23,,,,,,,,,,,,,202400,78837,123563,,,,,,,,,,,,,175313,69061,106252,178752,67855,110897,,,,275802,108342,167460,,,,,,
CA-24,,,,,,,,,,,,,294716,174000,120716,,,,,,,,,,,,,262539,158539,104000,265973,155215,110758,,,,343049,205653,137396,,,,,,
CA-25,,,,,,,,,,,,,185980,104745,81235,,,,,,,,,,,,,176791,101223,75568,179199,99319,79880,,,,265244,142160,123084,,,,,,
CA-26,,,,,,,,,,,,,274465,149985,124480,,,,,,,,,,,,,245181,134654,110527,248484,132807,115677,,,,338496,184260,154236,,,,,,
CA-27,,,,,,,,,,,,,226426,119426,107000,,,,,,,,,,,,,187589,96348,91241,188351,92198,96153,,,,286802,146164,140638,,,,,,
CA-28,,,,,,,,,,,,,225246,146083,79163,,,,,,,,,,,,,190455,123084,67371,191140,120265,70875,,,,276549,169513,107036,,,,,,
CA-29,,,,,,,,,,,,,169710,129572,40138,,,,,,,,,,,,,130400,96140,34260,129900,91647,38253,,,,216555,142331,74224,,,,,,
CA-30,,,,,,,,,,,,,286980,216300,70680,,,,,,,,,,,,,248780,188106,60674,248566,182885,65681,,,,339530,240609,98921,,,,,,
CA-31,,,,,,,,,,,,,206919,130676,76243,,,,,,,,,,,,,166761,100577,66184,167441,97051,70390,,,,263382,150922,112460,,,,,,
CA-32,,,,,,,,,,,,,294098,204716,89382,,,,,,,,,,,,,264488,180839,83649,264184,174458,89726,,,,351464,226271,125193,,,,,,
CA-33,,,,,,,,,,,,,158725,100379,58346,,,,,,,,,,,,,123660,73295,50365,126444,72279,54165,,,,225006,125228,99778,,,,,,
CA-34,,,,,,,,,,,,,185235,157222,28013,,,,,,,,,,,,,151175,126670,24505,150607,124258,26349,,,,218881,170011,48870,,,,,,
CA-35,,,,,,,,,,,,,201045,112892,88153,,,,,,,,,,,,,166392,87017,79375,169622,85540,84082,,,,272909,139694,133215,,,,,,
CA-36,,,,,,,,,,,,,319122,217050,102072,,,,,,,,,,,,,282035,189953,92082,281680,182405,99275,,,,368973,237995,130978,,,,,,
CA-37,,,,,,,,,,,,,215172,187363,27809,,,,,,,,,,,,,166007,142710,23297,165944,139958,25986,,,,242198,194897,47301,,,,,,
CA-38,,,,,,,,,,,,,203196,138347,64849,,,,,,,,,,,,,154166,98374,55792,154750,95137,59613,,,,255317,153131,102186,,,,,,
CA-39,,,,,,,,,,,,,169108,102574,66534,,,,,,,,,,,,,131827,75486,56341,134172,74447,59725,,,,228999,126444,102555,,,,,,
CA-40,,,,,,,,,,,,,324091,142854,181237,,,,,,,,,,,,,297834,136718,161116,293819,130941,162878,,,,398980,183308,215672,,,,,,
CA-41,,,,,,,,,,,,,212578,98273,114305,,,,,,,,,,,,,197600,91206,106394,200971,89622,111349,,,,310438,140357,170081,,,,,,
CA-42,,,,,,,,,,,,,214780,149006,65774,,,,,,,,,,,,,166605,111861,54744,167306,108437,58869,,,,259399,165707,93692,,,,,,
CA-43,,,,,,,,,,,,,164947,126635,38312,,,,,,,,,,,,,116941,85562,31379,117443,83191,34252,,,,205744,137124,68620,,,,,,
CA-44,,,,,,,,,,,,,186181,159839,26342,,,,,,,,,,,,,126704,105699,21005,127276,104300,22976,,,,217006,164971,52035,,,,,,
CA-45,,,,,,,,,,,,,243349,123731,119618,,,,,,,,,,,,,215402,106697,108705,213828,105270,108558,,,,313787,155779,158008,,,,,,
CA-46,,,,,,,,,,,,,158761,101838,56923,,,,,,,,,,,,,124886,75472,49414,123830,73673,50157,,,,209539,124464,85075,,,,,,
CA-47,,,,,,,,,,,,,288520,148222,140298,,,,,,,,,,,,,266637,135066,131571,263048,130411,132637,,,,357817,177890,179927,,,,,,
CA-48,,,,,,,,,,,,,271656,98489,173167,,,,,,,,,,,,,257483,97428,160055,261010,94311,166699,,,,370264,141416,228848,,,,,,
CA-49,,,,,,,,,,,,,290236,147027,143209,,,,,,,,,,,,,272250,142020,130230,273452,137891,135561,,,,360698,186467,174231,,,,,,
CA-50,,,,,,,,,,,,,295237,166444,128793,,,,,,,,,,,,,265302,155715,109587,268156,152771,115385,,,,357431,208649,148782,,,,,,
CA-51,,,,,,,,,,,,,276403,184087,92316,,,,,,,,,,,,,234931,160003,74928,237322,157425,79897,,,,328620,219717,108903,,,,,,
CA-52,,,,,,,,,,,,,201305,130566,70739,,,,,,,,,,,,,160199,100431,59768,161867,98645,63222,,,,273389,161413,111976,,,,,,
CO-01,330042,240768,71676,,,,,,,,,,311003,240741,60587,,,,396266,308090,80753,,,,,,,287310,230171,51978,286601,236039,46398,,,,,,,,,,,,
CO-02,394327,237224,129045,,,,,,,,,,367986,246939,109906,,,,437738,290892,138035,,,,,,,350710,242199,100196,350936,252226,92497,,,,,,,,,,,,
CO-03,354385,153429,181036,,,,,,,,,,316727,142974,161485,,,,408298,178166,219967,,,,,,,331185,158101,161883,331573,164234,156907,,,,,,,,,,,,
CO-04,328752,109892,202988,,,,,,,,,,304819,99132,192858,,,,398912,132155,258169,,,,,,,319946,112364,196598,320550,118566,191838,,,,,,,,,,,,
CO-05,316198,120754,175317,,,,,,,,,,273837,114880,146262,,,,369408,156547,200068,,,,,,,276331,127689,138145,276809,135848,133593,,,,,,,,,,,,
CO-06,376815,166079,193501,,,,,,,,,,352151,166317,174467,,,,452307,219866,224352,,,,,,,362724,184207,169650,362404,198174,157760,,,,,,,,,,,,
CO-07,387577,197005,167958,,,,,,,,,,371413,203287,153440,,,,461287,258152,193308,,,,,,,365671,215746,140333,367098,228065,131710,,,,,,,,,,,,
CO-08,254933,145559,93797,,,,,,,,,,227126,134618,81796,,,,311574,187246,114840,,,,,,,206324,126693,72910,212859,135329,72337,,,,,,,,,,,,
CT-01,308078,215593,85366,,,,,,,262822,173608,86032,266945,149681,99629,,,,,,,,,,,,,,,,,,,,,,316672,205876,104736,,,,,,
CT-02,345336,214591,122148,,,,,,,306011,173865,128072,310966,140225,154325,,,,,,,,,,,,,,,,,,,,,,382177,213108,162238,,,,,,
CT-03,250169,183467,61206,,,,,,,212730,147364,63232,216409,132070,78376,,,,,,,,,,,,,,,,,,,,,,253221,167800,80417,,,,,,
CT-04,326489,192475,128023,,,,,,,285991,171979,111507,288469,146650,136758,,,,,,,,,,,,,,,,,,,,,,359564,213069,141659,,,,,,
CT-05,365971,202401,155834,,,,,,,319109,158648,156812,323814,125787,180950,,,,,,,,,,,,,,,,,,,,,,396625,200842,189206,,,,,,
DE-AL,,,,425784,248404,166852,,,,362592,217385,137127,,,,,,,490935,291804,186054,492635,292903,190312,,,,,,,,,,,,,500606,283298,197753,498635,279585,219050,,,
FL-01,361259,92252,253292,,,,,,,308494,99202,208163,308429,97536,205840,,,,,,,,,,,,,292857,78660,210383,293370,77084,213906,,,,414876,118703,287462,,,,,,
FL-02,365055,189781,163877,,,,,,,332049,198233,132942,332305,192732,135822,,,,,,,,,,,,,284619,149045,132401,285116,145198,137765,,,,384713,198634,178971,,,,,,
FL-03,351661,98139,238008,,,,,,,295915,92881,202076,295693,87423,203351,,,,,,,,,,,,,306505,75347,227848,307120,71469,233932,,,,422124,109626,304537,,,,,,
FL-04,381800,93830,274057,,,,,,,352511,116577,235042,352703,117872,231467,,,,,,,,,,,,,362269,106063,252425,362706,102581,258046,,,,493829,158535,327379,,,,,,
FL-05,313906,140330,161863,,,,,,,275631,153750,120937,276192,157508,115977,,,,,,,,,,,,,228223,113810,111490,228368,110957,115110,,,,330020,173815,149527,,,,,,
FL-06,356850,126218,213209,,,,,,,320561,125546,194004,320235,123184,192051,,,,,,,,,,,,,324343,106057,215033,324765,100369,222320,,,,440539,153045,278765,,,,,,
FL-07,347850,160316,172192,,,,,,,310276,169948,139423,310162,168616,137459,,,,,,,,,,,,,275409,135257,136963,275496,129674,143691,,,,384041,192583,182935,,,,,,
FL-08,388619,145623,221867,,,,,,,349958,152034,196654,349352,145041,198429,,,,,,,,,,,,,334079,123875,206463,334376,118581,213567,,,,443705,173418,260092,,,,,,
FL-09,273344,153222,108607,,,,,,,228781,139476,88625,228536,142687,82588,,,,,,,,,,,,,196372,102164,91588,196495,97321,97257,,,,319410,161439,150495,,,,,,
FL-10,286051,154228,120836,,,,,,,256744,156452,99623,256882,157278,96898,,,,,,,,,,,,,225583,123741,99589,225570,118609,105157,,,,325072,179656,138455,,,,,,
FL-11,371748,122972,228713,,,,,,,343548,123070,219782,343545,119875,217660,,,,,,,,,,,,,367540,113737,250172,368089,108918,257237,,,,484697,163411,312351,,,,,,
FL-12,356961,133498,202270,,,,,,,317230,134290,181491,316793,129240,181733,,,,,,,,,,,,,327644,115220,207907,328334,112102,214182,,,,436364,166883,259503,,,,,,
FL-13,378601,181443,176601,,,,,,,339490,185360,152734,339039,179164,154037,,,,,,,,,,,,,326417,154730,166525,327408,153098,172159,,,,397282,194583,194927,,,,,,
FL-14,282623,155394,114446,,,,,,,248269,153721,93674,248734,154883,90653,,,,,,,,,,,,,219880,116523,100112,220309,113608,104446,,,,314726,166813,141592,,,,,,
FL-15,336232,139977,181043,,,,,,,299362,142434,155967,299416,141364,153828,,,,,,,,,,,,,285486,117247,164438,286060,114863,168993,,,,384862,166446,210608,,,,,,
FL-16,376608,149207,211329,,,,,,,351200,156264,193814,350843,153316,192437,,,,,,,,,,,,,364649,140290,220849,365268,136971,226663,,,,465172,184988,273901,,,,,,
FL-17,317705,107108,195514,,,,,,,280236,113304,165959,280552,108429,167007,,,,,,,,,,,,,274584,84661,187127,275272,82070,191923,,,,395948,126764,263399,,,,,,
FL-18,302998,111958,175566,,,,,,,265912,107838,157063,265487,105499,155473,,,,,,,,,,,,,252174,84528,164606,252643,82153,168770,,,,371384,139337,225211,,,,,,
FL-19,346553,102731,233434,,,,,,,319215,113367,205075,318531,110637,203970,,,,,,,,,,,,,323264,93973,227113,323809,91992,230743,,,,424538,128866,291660,,,,,,
FL-20,368379,156452,201132,,,,,,,334723,149016,184461,334642,145522,185150,,,,,,,,,,,,,334130,122038,209089,334590,117604,215407,,,,454471,183747,264044,,,,,,
FL-21,298329,164699,126604,,,,,,,264502,157312,106540,263128,156542,104329,,,,,,,,,,,,,234457,114909,117099,234821,111593,121835,,,,333979,168184,160685,,,,,,
FL-22,368113,198151,161826,,,,,,,335338,198596,136078,334982,197423,135219,,,,,,,,,,,,,315941,164115,148907,316501,159881,155261,,,,417542,214946,197640,,,,,,
FL-23,315492,220304,88514,,,,,,,265211,195952,68644,275641,201419,72305,,,,,,,,,,,,,226602,147220,77185,226775,143346,81717,,,,324522,214061,105997,,,,,,
FL-24,341675,192598,140620,,,,,,,284536,177028,106850,293407,178027,112868,,,,,,,,,,,,,255589,134152,119045,255830,129981,124283,,,,362921,190204,167499,,,,,,
FL-25,286507,226749,53886,,,,,,,237366,200529,36308,242099,205912,34469,,,,,,,,,,,,,179709,131881,45791,179902,129065,48973,,,,285062,198053,82704,,,,,,
FL-26,292366,161700,123866,,,,,,,251837,155904,95408,250849,152474,95788,,,,,,,,,,,,,227928,114820,110915,228139,112486,114160,,,,323706,157666,161925,,,,,,
FL-27,266336,104618,156414,,,,,,,209324,91170,117722,207505,88598,115927,,,,,,,,,,,,,196641,52296,142767,196816,52329,143261,,,,297853,86350,208029,,,,,,
FL-28,281555,138590,135605,,,,,,,233298,128753,103979,232556,125891,103786,,,,,,,,,,,,,217271,84401,130857,217450,82410,133445,,,,333954,132321,197414,,,,,,
GA-01,255665,97037,148573,,,,,,,,,,255573,114446,138730,,,,296911,137642,159269,,,,,,,263100,118351,139830,264107,109366,152735,,,,,,,,,,,,
GA-02,266027,129169,129457,,,,,,,,,,268174,146270,120341,,,,287971,161940,126031,,,,,,,246201,134113,108873,247187,127969,117908,,,,,,,,,,,,
GA-03,305638,81838,211383,,,,,,,,,,307392,95764,208715,,,,349000,116159,232841,,,,,,,322412,104350,210739,324159,93887,227984,,,,,,,,,,,,
GA-04,292309,209666,71787,,,,,,,,,,303787,248693,52690,,,,341612,282345,59267,,,,,,,286493,237434,44502,287137,229872,55567,,,,,,,,,,,,
GA-05,294643,218054,64915,,,,,,,,,,306293,263773,40108,,,,344637,292693,51944,,,,,,,298457,258668,35631,299253,249312,48314,,,,,,,,,,,,
GA-06,327149,107423,203534,,,,,,,,,,321951,148956,168253,,,,383968,185494,198474,,,,,,,328297,164765,154166,330402,144309,183415,,,,,,,,,,,,
GA-07,237066,103699,121143,,,,,,,,,,238454,130768,104614,,,,280559,163688,116871,,,,,,,224519,127402,91282,225624,118198,105524,,,,,,,,,,,,
GA-08,245954,64267,174231,,,,,,,,,,251080,71180,178632,,,,271042,81950,189092,,,,,,,242036,66599,172123,243040,62167,179541,,,,,,,,,,,,
GA-09,285271,52104,216941,,,,,,,,,,284620,67615,213182,,,,338223,90067,248156,,,,,,,314869,82429,223064,316830,69706,244236,,,,,,,,,,,,
GA-10,285852,70189,202501,,,,,,,,,,289457,81945,204630,,,,331276,99730,231546,,,,,,,309452,89892,212071,311191,79194,229451,,,,,,,,,,,,
GA-11,298600,139876,143686,,,,,,,,,,293923,171132,119321,,,,335882,203557,132325,,,,,,,288809,175230,106528,290046,164101,123654,,,,,,,,,,,,
GA-12,280626,113865,158034,,,,,,,,,,287287,132676,152429,,,,317025,153907,163118,,,,,,,279936,129794,145947,280838,122669,156331,,,,,,,,,,,,
GA-13,267647,160007,98844,,,,,,,,,,280787,192190,86930,,,,313100,224563,88537,,,,,,,266638,190858,71512,267501,185936,80072,,,,,,,,,,,,
GA-14,255345,52532,190777,,,,,,,,,,250550,58277,189833,,,,293696,76188,217508,,,,,,,264705,66232,192174,266093,56987,206840,,,,,,,,,,,,
HI-01,212851,155566,47130,,,,,,,202476,145720,56756,203678,124294,71290,,,,,,,,,,,,,210604,148940,55010,213463,132452,81011,,,,259592,167084,82847,,,,,,
HI-02,203711,151038,45523,,,,,,,185875,130596,55279,187165,120640,60429,,,,,,,,,,,,,197913,141954,51348,199799,128573,71226,,,,242171,157110,77228,,,,,,
IA-01,383968,153611,213308,,,,,,,,,,322551,166709,149237,,,,412480,200755,198522,,,,,,,,,,,,,,,,,,,,,,,,
IA-02,401840,148569,236580,,,,,,,,,,344806,167975,167749,,,,429016,202003,213916,,,,,,,,,,,,,,,,,,,,,,,,
IA-03,370017,150905,203037,,,,,,,,,,339244,186316,145857,,,,422300,219741,190079,,,,,,,,,,,,,,,,,,,,,,,,
IA-04,385211,96375,273082,,,,,,,,,,321037,109986,204432,,,,408032,132360,262480,,,,,,,,,,,,,,,,,,,,,,,,
ID-01,352957,84876,246717,,,,,,,,,,293887,98184,188828,,,,430029,120384,290738,,,,,,,,,,,,,,,,,,,,,,,,
ID-02,325984,103375,202299,,,,,,,,,,311246,132896,172830,,,,429798,165480,247708,,,,,,,,,,,,,,,,,,,,,,,,
IL-01,334262,245757,73065,,,,,,,,,,262971,192608,58726,,,,336701,213355,74395,,,,,,,211527,152653,56097,211851,148270,58873,,,,,,,,,,,,
IL-02,350039,251688,82312,,,,,,,,,,280783,200434,68073,,,,364060,232127,86914,,,,,,,234986,166225,65838,235142,162134,67735,,,,,,,,,,,,
IL-03,266133,185531,63747,,,,,,,,,,222633,163363,49393,,,,302254,213792,62971,,,,,,,185224,137886,44376,185895,136005,45760,,,,,,,,,,,,
IL-04,225434,156891,54241,,,,,,,,,,179404,127964,43650,,,,244218,169658,51672,,,,,,,140430,98603,39237,140783,96111,40821,,,,,,,,,,,,
IL-05,325780,140570,162087,,,,,,,,,,265315,116513,125717,,,,360710,169392,174677,,,,,,,256450,124578,126592,256618,121077,126626,,,,,,,,,,,,
IL-06,319301,165059,135197,,,,,,,,,,266071,136030,114976,,,,363853,196700,146289,,,,,,,246206,136588,105752,245745,132474,105670,,,,,,,,,,,,
IL-07,321083,260133,48729,,,,,,,,,,266200,220133,38319,,,,332223,251888,39662,,,,,,,206049,179363,23926,206082,178053,23809,,,,,,,,,,,,
IL-08,318416,160649,141987,,,,,,,,,,266643,135325,119114,,,,360491,205225,139015,,,,,,,237660,142248,92083,237138,140620,90154,,,,,,,,,,,,
IL-09,341924,243882,82672,,,,,,,,,,300823,226844,64821,,,,377914,289851,68224,,,,,,,257630,211882,42267,257401,211889,40368,,,,,,,,,,,,
IL-10,321201,158851,146467,,,,,,,,,,268198,135725,118873,,,,355718,199196,142325,,,,,,,246797,147781,95314,246257,147030,91221,,,,,,,,,,,,
IL-11,337722,167254,151288,,,,,,,,,,287786,140445,131145,,,,383277,211310,154230,,,,,,,267930,153107,110277,266884,149904,108460,,,,,,,,,,,,
IL-12,356885,141531,198291,,,,,,,,,,296453,97597,167215,,,,374178,112956,251632,,,,,,,289887,83889,200688,292290,68947,216149,,,,,,,,,,,,
IL-13,355036,181066,155441,,,,,,,,,,295010,142050,125495,,,,375094,183099,178972,,,,,,,270351,135261,129150,270864,128452,134408,,,,,,,,,,,,
IL-14,285419,141105,125540,,,,,,,,,,241057,117143,107880,,,,333304,177681,138902,,,,,,,224963,122634,98485,224743,119623,98040,,,,,,,,,,,,
IL-15,349929,119275,210416,,,,,,,,,,281193,83808,158096,,,,370209,119990,237163,,,,,,,278795,88402,184489,280835,78114,194983,,,,,,,,,,,,
IL-16,346967,144839,181212,,,,,,,,,,281888,112552,144156,,,,371139,154969,202162,,,,,,,278851,115706,157540,280541,107702,163987,,,,,,,,,,,,
IL-17,342475,148859,172000,,,,,,,,,,285114,131212,130102,,,,363540,177741,170665,,,,,,,266551,132330,128944,267139,127343,132031,,,,,,,,,,,,
IN-01,305200,175726,115678,304788,186853,109655,,,,253049,152766,94063,,,,,,,,,,337200,159773,157688,,,,213214,110989,98306,,,,,,,312727,156850,149734,315542,160986,146982,,,
IN-02,287063,115844,153572,285270,121233,154478,,,,237085,105727,122736,,,,,,,,,,309650,92913,183429,,,,192305,63119,124510,,,,,,,293082,102943,183604,294722,110483,170182,,,
IN-03,291247,102406,169850,289624,108172,171630,,,,245152,90382,145551,,,,,,,,,,327417,79553,204074,,,,202095,61334,135164,,,,,,,307909,97542,202541,311623,106980,188555,,,
IN-04,295633,128919,148954,294350,140162,144447,,,,244369,109079,123295,,,,,,,,,,325390,98718,184062,,,,197886,74089,117397,,,,,,,303719,114407,180710,306182,122243,167340,,,
IN-05,347975,146551,185160,346783,158129,179461,,,,305769,153603,142275,,,,,,,,,,409594,146624,224266,,,,261265,122218,127226,,,,,,,381915,183499,189243,395871,200066,182305,,,
IN-06,311519,113060,177984,310209,123601,171993,,,,251717,93429,145024,,,,,,,,,,333820,78854,200848,,,,207263,60866,136972,,,,,,,320543,97147,213026,325710,111943,194460,,,
IN-07,254738,149833,89770,253901,158408,87371,,,,208604,132899,67984,,,,,,,,,,271308,141413,102358,,,,146918,87413,53118,,,,,,,243904,146790,91044,243993,149291,85273,,,
IN-08,325901,131412,179796,323528,135690,179462,,,,272025,106711,154360,,,,,,,,,,353327,99551,226602,,,,223747,70973,147758,,,,,,,336544,113591,214284,341382,122559,205703,,,
IN-09,314352,95222,203247,311885,103336,198911,,,,253274,79190,163397,,,,,,,,,,352616,70695,223400,,,,213985,53476,149928,,,,,,,329360,84291,235224,344576,99188,225281,,,
KS-01,298487,53545,228772,,,,,,,,,,251432,84913,139885,,,,328026,82829,229094,,,,,,,241868,45276,189096,242709,80463,152212,,,,,,,,,,,,
KS-02,289073,106777,166440,,,,,,,,,,263556,140707,100332,,,,337574,153483,165448,,,,,,,255630,103472,144428,256567,139503,108874,,,,,,,,,,,,
KS-03,318892,136140,165614,,,,,,,,,,297826,169976,105921,,,,381574,206881,156576,,,,,,,281234,144889,128604,282024,171888,104199,,,,,,,,,,,,
KS-04,272043,83278,171550,,,,,,,,,,241808,110913,106892,,,,320581,128337,176844,,,,,,,226224,78577,140848,227698,107995,112306,,,,,,,,,,,,
KY-01,321339,118071,203268,,,,,,,,,,,,,232265,96184,131133,349555,108522,224162,,,,,,,,,,,,,,,,,,,,,,,,
KY-02,307412,116367,191045,,,,,,,,,,,,,231411,97986,128624,351016,109136,225397,,,,,,,,,,,,,,,,,,,,,,,,
KY-03,336355,202097,134258,,,,,,,,,,,,,264754,180514,80248,366817,222938,133550,,,,,,,,,,,,,,,,,,,,,,,,
KY-04,325439,110524,214915,,,,,,,,,,,,,241642,108965,127495,376906,134454,227071,,,,,,,,,,,,,,,,,,,,,,,,
KY-05,295447,98556,196891,,,,,,,,,,,,,211812,77894,129232,329798,71977,243926,,,,,,,,,,,,,,,,,,,,,,,,
KY-06,317407,167621,149786,,,,,,,,,,,,,261194,148348,108022,360866,169230,179209,,,,,,,,,,,,,,,,,,,,,,,,
LA-01,148091,36784,111307,,,,,,,,,,,,,245146,105853,139293,,,,,,,,,,233105,60885,168047,,,,179018,33378,135698,,,,,,,,,
LA-02,146217,100511,45706,,,,,,,,,,,,,250518,197815,52703,,,,,,,,,,217638,141770,71630,,,,158986,90231,60586,,,,,,,,,
LA-03,129388,31107,98281,,,,,,,,,,,,,236632,80902,155730,,,,,,,,,,228897,45385,179192,,,,180770,27013,137689,,,,,,,,,
LA-04,151436,53582,97854,,,,,,,,,,,,,256469,108583,147886,,,,,,,,,,228798,66188,158732,,,,174477,40938,124129,,,,,,,,,
LA-05,154173,89972,64201,,,,,,,,,,,,,265063,177377,87686,,,,,,,,,,215538,107332,103559,,,,170085,77363,83978,,,,,,,,,
LA-06,154702,35860,118842,,,,,,,,,,,,,254956,103968,150988,,,,,,,,,,259314,59505,195683,,,,199162,34264,154085,,,,,,,,,
MA-01,,,,,,,,,,295024,190073,94496,292172,111873,179644,,,,384855,255558,124814,,,,,,,,,,,,,,,,370947,231783,138595,,,,,,
MA-02,,,,,,,,,,276755,137346,127237,274335,66971,206461,,,,380937,214549,160578,,,,,,,,,,,,,,,,374438,186275,187590,,,,,,
MA-03,,,,,,,,,,325424,180920,131728,320842,86196,233763,,,,424708,270623,150905,,,,,,,,,,,,,,,,406856,235163,171076,,,,,,
MA-04,,,,,,,,,,317872,173555,133304,314326,84655,228900,,,,429498,262453,163623,,,,,,,,,,,,,,,,421685,230260,190818,,,,,,
MA-05,,,,,,,,,,323688,256727,57280,320999,167156,153080,,,,392607,325031,65899,,,,,,,,,,,,,,,,362060,284271,76720,,,,,,
MA-06,,,,,,,,,,300337,173498,115173,296479,84477,211148,,,,399129,259151,136781,,,,,,,,,,,,,,,,380233,221747,157925,,,,,,
MA-07,,,,,,,,,,227725,172975,48324,225821,104753,120408,,,,307164,244662,60879,,,,,,,,,,,,,,,,272357,197773,73748,,,,,,
MA-08,,,,,,,,,,316264,179297,127170,311118,93019,217087,,,,415234,271816,140963,,,,,,,,,,,,,,,,394242,230241,163167,,,,,,
MA-09,,,,,,,,,,324001,168980,144498,318523,86670,230850,,,,429764,253809,173240,,,,,,,,,,,,,,,,430511,224155,205801,,,,,,
MD-01,366033,137787,217493,,,,,,,305316,130116,157452,306633,67938,235186,,,,,,,,,,,,,,,,,,,,,,420063,131485,271441,,,,,,
MD-02,369982,194627,163608,,,,,,,317237,183400,112731,316682,112184,201149,,,,,,,,,,,,,,,,,,,,,,408551,200265,198156,,,,,,
MD-03,350852,191089,147496,,,,,,,305041,182828,104126,305328,112278,189475,,,,,,,,,,,,,,,,,,,,,,398468,199666,189057,,,,,,
MD-04,292132,251083,30502,,,,,,,239987,212722,20913,241141,168921,69727,,,,,,,,,,,,,,,,,,,,,,300698,239828,56909,,,,,,
MD-05,338152,223647,103011,,,,,,,292326,205376,77915,292222,146702,142522,,,,,,,,,,,,,,,,,,,,,,400877,246978,144847,,,,,,
MD-06,335092,167429,154826,,,,,,,281588,151528,117878,283123,94754,184780,,,,,,,,,,,,,,,,,,,,,,391270,166888,210594,,,,,,
MD-07,309516,232080,63447,,,,,,,241465,189993,39753,242136,140693,98091,,,,,,,,,,,,,,,,,,,,,,300648,211510,82336,,,,,,
MD-08,364411,262165,92174,,,,,,,316929,235651,66249,317247,159169,154714,,,,,,,,,,,,,,,,,,,,,,400803,254292,141004,,,,,,
ME-01,,,,,,,,,,,,,323022,176412,128602,,,,420660,202523,190261,,,,,,,,,,,,,,,,419668,229178,128024,,,,,,
ME-02,,,,,,,,,,,,,307519,144550,143709,,,,398310,144718,227381,,,,,,,,,,,,,,,,401397,195312,156409,,,,,,
MI-01,,,,,,,,,,366504,157156,201288,366720,159320,196055,,,,459481,183658,269367,,,,,,,,,,,,,,,,476384,185504,278049,,,,,,
MI-02,,,,,,,,,,312400,120343,184206,313229,123368,178798,,,,412915,140904,264150,,,,,,,,,,,,,,,,438572,147097,278179,,,,,,
MI-03,,,,,,,,,,321642,163741,150646,322635,169173,143555,,,,413158,208445,196709,,,,,,,,,,,,,,,,421994,221322,188837,,,,,,
MI-04,,,,,,,,,,321730,148520,165988,322350,152778,159259,,,,414574,184446,222035,,,,,,,,,,,,,,,,429499,195569,221850,,,,,,
MI-05,,,,,,,,,,299010,120402,171635,299391,123776,165724,,,,399405,147226,243312,,,,,,,,,,,,,,,,414279,147593,254168,,,,,,
MI-06,,,,,,,,,,359658,221006,133534,360264,225067,127166,,,,455814,271516,176892,,,,,,,,,,,,,,,,462830,274183,173935,,,,,,
MI-07,,,,,,,,,,354113,180633,166952,355122,187531,157449,,,,444992,217707,219538,,,,,,,,,,,,,,,,459362,226148,222293,,,,,,
MI-08,,,,,,,,,,330466,174623,148883,331249,180944,140896,,,,425061,217508,200046,,,,,,,,,,,,,,,,426535,210304,204287,,,,,,
MI-09,,,,,,,,,,338549,131976,200451,338915,134513,194561,,,,453742,158046,287524,,,,,,,,,,,,,,,,473412,159135,302438,,,,,,
MI-10,,,,,,,,,,327342,189001,132117,328112,191203,127564,,,,429461,234619,185837,,,,,,,,,,,,,,,,432558,228577,189653,,,,,,
MI-11,,,,,,,,,,356483,191428,160137,357300,195796,153674,,,,452474,238512,208042,,,,,,,,,,,,,,,,450321,236809,202046,,,,,,
MI-12,,,,,,,,,,311220,231393,73818,311843,235487,68867,,,,402205,290044,102481,,,,,,,,,,,,,,,,392899,276304,103760,,,,,,
MI-13,,,,,,,,,,238135,184256,49162,238793,187237,45966,,,,316427,241938,66299,,,,,,,,,,,,,,,,298057,204049,73802,,,,,,
MN-01,,,,,,,,,,311063,171956,127469,310513,156803,143202,,,,387087,167354,188285,,,,,,,,,,303542,139693,154751,,,,389715,195784,181357,,,,,,
MN-02,,,,,,,,,,330548,196898,122733,329683,171520,145529,,,,418078,204647,182115,,,,,,,,,,326399,175508,142236,,,,419451,243657,161898,,,,,,
MN-03,,,,,,,,,,368738,237934,120956,367440,208523,147215,,,,444680,245439,169650,,,,,,,,,,353255,215061,129447,,,,435326,280748,141055,,,,,,
MN-04,,,,,,,,,,327610,230318,84863,325798,211275,101942,,,,389292,236375,120599,,,,,,,,,,300171,198260,92261,,,,371407,255054,102787,,,,,,
MN-05,,,,,,,,,,320845,259499,47938,319135,248189,57696,,,,373109,272074,68330,,,,,,,,,,276357,221121,45752,,,,342698,277190,52626,,,,,,
MN-06,,,,,,,,,,308764,149363,148708,307898,124947,170753,,,,406624,147784,225629,,,,,,,,,,321540,126748,184796,,,,422802,186805,221551,,,,,,
MN-07,,,,,,,,,,300651,142012,149211,299364,115548,173413,,,,384798,125796,232429,,,,,,,,,,302408,95129,197430,,,,387090,154802,220917,,,,,,
MN-08,,,,,,,,,,328660,178194,138559,327456,156291,157955,,,,410588,167053,211108,,,,,,,,,,326989,140829,173268,,,,420834,198401,209521,,,,,,
MO-01,348974,270767,66124,348677,265874,71586,,,,304659,243645,54319,,,,,,,,,,351538,269576,74068,,,,,,,,,,,,,310503,240375,60004,309184,233829,68290,,,
MO-02,419309,200343,204340,419322,193766,214494,,,,375425,186493,180489,,,,,,,,,,445691,209656,228184,,,,,,,,,,,,,435209,222196,202665,432735,198828,225717,,,
MO-03,352499,141849,193009,353309,139876,199823,,,,304241,115420,178102,,,,,,,,,,391602,117839,264766,,,,,,,,,,,,,405324,130306,265260,403307,110579,283792,,,
MO-04,350613,140764,192776,350441,143295,195759,,,,306171,114735,180680,,,,,,,,,,379528,121551,249000,,,,,,,,,,,,,381451,132352,239292,380449,116759,255084,,,
MO-05,323757,203451,106062,323202,197417,114417,,,,286852,182438,96529,,,,,,,,,,355719,217102,130135,,,,,,,,,,,,,345209,214664,120549,343979,206510,129680,,,
MO-06,345179,137054,190635,345558,134042,200624,,,,294989,106956,176870,,,,,,,,,,375313,115925,250940,,,,,,,,,,,,,371506,121351,240677,369628,109743,251771,,,
MO-07,333218,105592,211760,332783,105471,215643,,,,290320,90647,188993,,,,,,,,,,363700,100758,254582,,,,,,,,,,,,,373709,108830,255446,372397,104000,260832,,,
MO-08,328997,100380,213752,329726,97619,221051,,,,279625,72601,198945,,,,,,,,,,349183,73364,268527,,,,,,,,,,,,,349648,73654,268014,348587,65925,275636,,,
MS-01,,,,,,,,,,228741,70593,153337,,,,218202,84288,131206,334340,121424,206006,,,,,,,,,,,,,201930,80364,118776,321388,95542,225846,,,,,,
MS-02,,,,,,,,,,247173,147914,94546,,,,238867,159131,77065,329015,215244,110740,,,,,,,,,,,,,221244,150704,67768,282162,166116,116046,,,,,,
MS-03,,,,,,,,,,252416,90020,157673,,,,243443,106983,133483,348378,141533,201310,,,,,,,,,,,,,228147,100476,124885,321578,111187,210391,,,,,,
MS-04,,,,,,,,,,207885,61040,142063,,,,184399,63966,117642,299621,100490,191455,,,,,,,,,,,,,169679,60070,106804,290272,79135,211137,,,,,,
MT-01,,,,264593,150075,106037,,,,264145,150807,106460,,,,,,,317293,165442,151851,316178,154044,149961,,,,,,,,,,,,,317980,167980,144662,315317,145144,162248,,,
MT-02,,,,244767,105858,130078,,,,240239,103069,129503,,,,,,,288344,107021,181323,287409,96816,178587,,,,,,,,,,,,,289282,108325,175020,287087,87500,192321,,,
NC-01,358179,198203,151789,359631,204922,150419,,,,,,,,,,,,,385088,211389,160212,387584,226050,157665,,,,252615,130808,117176,,,,,,,,,,374839,221912,139821,,,
NC-02,354215,205581,137866,355482,221468,126545,,,,,,,,,,,,,413168,250694,144732,414733,276862,131243,,,,291373,185583,98781,,,,,,,,,,416807,296540,97422,,,
NC-03,315792,108045,196400,317428,113725,197524,,,,,,,,,,,,,366325,128847,220226,368711,141283,221668,,,,256487,85093,165140,,,,,,,,,,382594,154882,208300,,,
NC-04,354087,223497,121083,354904,235911,112817,,,,,,,,,,,,,401728,258830,128736,403595,277390,121125,,,,291637,194960,90965,,,,,,,,,,406421,290369,100579,,,
NC-05,357528,100009,243094,358904,120508,230384,,,,,,,,,,,,,410160,124293,266855,412796,144021,263832,,,,290672,85987,197988,,,,,,,,,,417862,161890,233935,,,
NC-06,340566,199840,130511,341204,214994,118912,,,,,,,,,,,,,376038,228153,132170,376862,247041,123686,,,,245040,147789,91906,,,,,,,,,,372784,255790,99457,,,
NC-07,343737,128688,201942,345425,143031,194887,,,,,,,,,,,,,416606,161985,234599,419551,181949,231556,,,,302406,118627,177295,,,,,,,,,,449484,217210,206975,,,
NC-08,291619,141092,141182,293083,144249,143166,,,,,,,,,,,,,335703,158006,162180,338163,175829,156828,,,,208610,94563,109467,,,,,,,,,,329495,169029,144339,,,
NC-09,340743,139478,187481,342668,157763,176399,,,,,,,,,,,,,417598,193459,206632,418890,218419,193808,,,,288109,142996,138828,,,,,,,,,,421366,246042,150965,,,
NC-10,328776,98928,215211,330837,111343,211946,,,,,,,,,,,,,387709,119434,251088,390067,134486,250484,,,,261715,78838,177207,,,,,,,,,,398343,153547,223667,,,
NC-11,373309,159191,198564,375044,177235,186390,,,,,,,,,,,,,433061,192653,222032,435116,210683,217382,,,,324528,149134,166839,,,,,,,,,,436706,232467,184350,,,
NC-12,285498,193343,81487,286547,201696,77268,,,,,,,,,,,,,346305,238852,90508,347417,256236,83982,,,,207353,147876,54777,,,,,,,,,,355898,268548,70317,,,
NC-13,330283,86839,228162,331845,102681,221062,,,,,,,,,,,,,388520,108150,261895,390556,123752,261569,,,,263106,68788,188513,,,,,,,,,,404656,146026,235788,,,
NC-14,316801,145431,160604,318012,159631,151161,,,,,,,,,,,,,396943,195220,183733,398737,220789,171777,,,,290475,152989,130703,,,,,,,,,,421569,253493,144522,,,
ND-AL,342501,58116,268788,339601,65855,259863,,,,326138,144376,179720,,,,,,,,,,357859,90925,235629,,,,240140,59995,135474,,,,,,,364327,121602,241569,361951,94043,247056,,,
NE-01,,,,,,,,,,226530,112382,106444,226277,118203,108074,,,,267767,96442,153235,,,,,,,,,,,,,,,,296626,172961,123665,,,,,,
NE-02,,,,,,,,,,238383,103579,125880,238041,109170,128871,,,,293353,83843,191522,,,,,,,,,,,,,,,,329049,167555,161494,,,,,,
NE-03,,,,,,,,,,233504,53956,170827,233663,58796,174867,,,,304693,46906,238750,,,,,,,,,,,,,,,,309942,95977,213965,,,,,,
NH-01,363715,172500,176140,355988,161293,178814,,,,,,,278141,124941,149366,,,,391104,222225,159812,389000,126707,256573,,,,,,,,,,,,,,,,395573,173912,213991,,,
NH-02,375425,182149,177492,368875,176296,175226,,,,,,,295461,137418,153398,,,,404810,228553,166417,404260,137932,260036,,,,,,,,,,,,,,,,417924,186237,222131,,,
NJ-01,,,,,,,182971,116814,62084,274584,157117,107283,,,,,,,399530,245111,148872,,,,230699,129886,98929,,,,,,,,,,,,,,,,296729,186815,107681
NJ-02,,,,,,,197326,94772,97505,276861,113854,153201,,,,,,,399751,183786,207082,,,,247022,94696,150536,,,,,,,,,,,,,,,,301855,135941,163832
NJ-03,,,,,,,200081,119371,77124,289563,163510,115938,,,,,,,394491,244204,144899,,,,238130,135904,100655,,,,,,,,,,,,,,,,297550,190390,105271
NJ-04,,,,,,,197456,72978,120604,282594,102037,171993,,,,,,,412247,156630,248520,,,,267038,90483,174753,,,,,,,,,,,,,,,,335421,117432,216143
NJ-05,,,,,,,212065,105349,102649,312203,147409,155586,,,,,,,436898,226491,202777,,,,262777,120822,140253,,,,,,,,,,,,,,,,318940,159179,158245
NJ-06,,,,,,,184367,95149,84865,257854,134134,115359,,,,,,,370073,203937,157899,,,,223633,109121,112290,,,,,,,,,,,,,,,,283297,157921,123123
NJ-07,,,,,,,220508,104435,110545,319396,150361,158347,,,,,,,427909,224280,195532,,,,269096,124947,141787,,,,,,,,,,,,,,,,332888,177897,152453
NJ-08,,,,,,,104312,82328,20130,169113,125924,38646,,,,,,,233657,166898,60946,,,,111062,77682,32556,,,,,,,,,,,,,,,,163014,117115,44099
NJ-09,,,,,,,130530,88044,40167,208370,135507,66594,,,,,,,304058,199081,96746,,,,150571,89496,59939,,,,,,,,,,,,,,,,204247,128398,74258
NJ-10,,,,,,,124320,108085,14108,191622,162728,24308,,,,,,,263219,222219,36044,,,,126547,105001,20394,,,,,,,,,,,,,,,,182071,153705,26342
NJ-11,,,,,,,214985,116575,94546,325372,169749,146203,,,,,,,434465,247063,181944,,,,272598,140583,130174,,,,,,,,,,,,,,,,342292,196351,144279
NJ-12,,,,,,,178522,99215,75279,261778,149324,103897,,,,,,,364142,221478,135791,,,,215713,120850,92919,,,,,,,,,,,,,,,,279289,174819,101859
NM-01,,,,,,,,,,250072,143811,65265,249446,153742,95704,,,,328431,184304,135125,,,,,,,,,,253814,145165,105018,,,,318442,193513,124929,,,,,,
NM-02,,,,,,,,,,193378,82925,83324,193773,85893,107880,,,,260164,103246,149359,,,,,,,,,,191769,72299,113226,,,,258471,108248,150223,,,,,,
NM-03,,,,,,,,,,253562,150262,64224,253240,158733,94507,,,,328642,186933,133999,,,,,,,,,,263931,152661,106421,,,,326347,195529,130818,,,,,,
NV-01,196047,126226,50926,,,,,,,155479,105856,42113,155361,102801,42542,,,,,,,,,,,,,142532,91351,45464,142027,88807,46373,,,,227085,136784,72787,,,,,,
NV-02,331162,129554,176672,,,,,,,298454,125250,160247,298272,121729,160221,,,,,,,,,,,,,313724,134035,169227,313395,127840,171607,,,,417677,177572,215037,,,,,,
NV-03,278712,128284,127612,,,,,,,250591,127609,113369,250533,126248,112980,,,,,,,,,,,,,275149,134741,132836,274724,131174,134773,,,,406232,192198,192520,,,,,,
NV-04,302373,137930,139869,,,,,,,267608,131356,125473,267633,129229,124577,,,,,,,,,,,,,289445,138189,142861,288925,134170,144624,,,,413393,194422,196508,,,,,,
NY-01,342341,197720,138334,,,,,,,282654,147911,134659,284741,139090,139050,,,,,,,,,,,,,306533,130525,174793,310098,124664,185207,,,,395325,181032,213002,,,,,,
NY-02,319186,195108,118621,,,,,,,253748,137241,116445,255367,130468,119370,,,,,,,,,,,,,262856,108958,152936,265795,102724,162868,,,,359095,160087,197511,,,,,,
NY-03,336384,219663,111236,,,,,,,268308,162943,105240,267565,156209,105892,,,,,,,,,,,,,280069,142560,136501,282034,133578,148190,,,,373891,191440,180372,,,,,,
NY-04,339036,227964,106406,,,,,,,271438,167228,104113,269651,161015,103741,,,,,,,,,,,,,274184,138552,134827,276473,130326,145899,,,,375991,197982,176240,,,,,,
NY-05,233282,208327,21837,,,,,,,172087,152590,19408,175025,153076,19617,,,,,,,,,,,,,140766,107970,32165,142151,104692,37261,,,,235235,173790,59481,,,,,,
NY-06,191379,148106,38820,,,,,,,140927,105322,35450,142881,102899,35274,,,,,,,,,,,,,134003,79741,53274,136289,73259,62784,,,,206860,119232,85722,,,,,,
NY-07,206253,176708,20995,,,,,,,165592,148333,17069,167484,140828,17145,,,,,,,,,,,,,146734,115467,30085,149468,109256,39922,,,,228729,172936,52832,,,,,,
NY-08,235371,207389,22196,,,,,,,189490,166839,22494,191478,163431,22366,,,,,,,,,,,,,153766,120317,32652,155942,117863,37864,,,,236673,183592,50927,,,,,,
NY-09,233394,205790,21488,,,,,,,189850,165870,23797,191287,161868,22516,,,,,,,,,,,,,165313,126886,37519,168000,121924,45797,,,,245527,188946,53894,,,,,,
NY-10,222474,187979,26389,,,,,,,190328,165602,24444,190714,156028,24310,,,,,,,,,,,,,176518,141096,34168,178899,131620,46887,,,,238473,183935,51892,,,,,,
NY-11,237249,152260,80608,,,,,,,188062,104453,83435,191160,101190,85447,,,,,,,,,,,,,188424,75440,111910,190864,69516,121077,,,,264995,108118,154228,,,,,,
NY-12,313996,260096,46651,,,,,,,265720,229255,36051,260962,216076,35306,,,,,,,,,,,,,244370,201999,41144,243685,193736,49414,,,,328228,265386,60508,,,,,,
NY-13,268044,246784,13494,,,,,,,217175,206178,10750,220361,201961,10372,,,,,,,,,,,,,158393,141574,15752,160532,140104,20096,,,,244638,206114,35860,,,,,,
NY-14,184305,160109,20582,,,,,,,135930,117146,18690,139668,117493,18970,,,,,,,,,,,,,103437,73046,29723,105615,70512,34956,,,,178515,119963,56532,,,,,,
NY-15,195530,181431,11051,,,,,,,146889,137360,9432,150457,138489,9318,,,,,,,,,,,,,99634,83692,15399,101720,82504,19091,,,,177171,137939,37564,,,,,,
NY-16,292981,222162,65785,,,,,,,237141,179220,57762,238863,173092,60189,,,,,,,,,,,,,223891,149939,73158,225477,144985,80304,,,,314493,214689,98170,,,,,,
NY-17,328364,207385,115195,,,,,,,270102,162120,107836,273344,147920,118072,,,,,,,,,,,,,282629,147374,134187,288854,139597,148942,,,,369767,202890,165238,,,,,,
NY-18,303985,184284,112337,,,,,,,263520,154322,109088,268455,126939,131768,,,,,,,,,,,,,266946,136093,129395,269974,129918,139634,,,,356908,199618,155355,,,,,,
NY-19,328614,203104,115536,,,,,,,295252,173054,121927,296085,133213,142931,,,,,,,,,,,,,292291,149612,140772,294513,140306,153706,,,,371436,204100,164930,,,,,,
NY-20,337968,225269,103995,,,,,,,288380,178586,109609,287610,131826,135680,,,,,,,,,,,,,295174,165739,127703,297542,156940,139834,,,,371154,221544,147200,,,,,,
NY-21,307567,174246,125443,,,,,,,264375,134822,129488,268186,88498,161767,,,,,,,,,,,,,281232,112828,166707,284537,98970,185100,,,,353125,156737,194807,,,,,,
NY-22,320690,215551,97669,,,,,,,277145,164812,112122,277956,126165,127676,,,,,,,,,,,,,268103,144837,121690,269116,132053,136495,,,,352618,197740,152922,,,,,,
NY-23,345403,187629,150999,,,,,,,289285,135072,154158,292743,99662,175326,,,,,,,,,,,,,301409,116087,183636,303917,107229,196135,,,,383576,159508,222475,,,,,,
NY-24,316391,167559,141816,,,,,,,262208,117404,144710,264802,78652,166699,,,,,,,,,,,,,278384,100441,176375,280977,88566,191926,,,,356106,142687,211829,,,,,,
NY-25,347026,231634,107179,,,,,,,288069,179070,108887,288130,146346,123060,,,,,,,,,,,,,283727,160760,121370,284537,152775,131197,,,,367150,219236,146019,,,,,,
NY-26,309149,227707,74715,,,,,,,246007,164492,81501,250139,143137,96113,,,,,,,,,,,,,243914,149021,93310,245303,142809,102005,,,,325616,202448,121185,,,,,,
OH-01,381546,167458,199211,,,,,,,320096,195764,124332,321990,178305,134839,,,,,,,,,,,,,284148,170234,113914,285410,145015,140395,,,,382543,229575,140596,,,,,,
OH-02,333719,83531,235196,,,,,,,262359,97521,164838,264109,79973,176271,,,,,,,,,,,,,250364,70416,179948,249003,53390,195613,,,,365914,100010,252102,,,,,,
OH-03,300137,168904,117216,,,,,,,244403,174165,70238,245482,163619,75979,,,,,,,,,,,,,204453,135469,68984,204669,117324,87345,,,,303450,198793,94917,,,,,,
OH-04,354193,87194,247271,,,,,,,286855,114821,172034,288388,94435,183970,,,,,,,,,,,,,286982,93929,193053,285373,70674,214699,,,,399254,131024,253488,,,,,,
OH-05,378469,73325,287987,,,,,,,299826,104448,195378,301744,77894,214095,,,,,,,,,,,,,293327,76890,216437,292808,52901,239907,,,,404706,107346,282421,,,,,,
OH-06,372842,112527,239627,,,,,,,301361,137325,164036,302053,114984,177552,,,,,,,,,,,,,292543,103795,188748,290724,74788,215936,,,,392383,134761,243031,,,,,,
OH-07,367390,146811,200450,,,,,,,310964,184896,126068,312714,162994,140979,,,,,,,,,,,,,297469,162482,134987,296853,128427,168426,,,,403056,217155,174160,,,,,,
OH-08,358727,83159,260517,,,,,,,296463,112475,183988,296698,97450,190740,,,,,,,,,,,,,291490,105530,185960,291940,81121,210819,,,,405494,147855,242967,,,,,,
OH-09,362239,151299,192607,,,,,,,287553,173256,114297,289502,150047,128739,,,,,,,,,,,,,263668,137128,126540,265263,102539,162724,,,,369704,185051,168214,,,,,,
OH-10,367505,133265,217999,,,,,,,298531,160726,137805,299655,136476,153937,,,,,,,,,,,,,273088,131445,141643,273584,104307,169277,,,,374314,182119,178742,,,,,,
OH-11,345760,235985,93638,,,,,,,283903,231598,52305,285135,217926,61058,,,,,,,,,,,,,220412,170414,49998,221254,148857,72397,,,,319222,244455,67215,,,,,,
OH-12,342286,99005,226380,,,,,,,277666,118745,158921,278998,99743,170865,,,,,,,,,,,,,268355,93783,174572,266695,72892,193803,,,,373701,128600,231324,,,,,,
OH-13,357545,158008,179088,,,,,,,299583,179938,119645,299132,162905,127170,,,,,,,,,,,,,281913,156211,125702,280109,126877,153232,,,,384017,208261,162410,,,,,,
OH-14,366787,137355,209109,,,,,,,300461,162396,138065,300982,140606,150817,,,,,,,,,,,,,292556,132766,159790,291321,100100,191221,,,,390179,174935,201786,,,,,,
OH-15,384908,159082,212271,,,,,,,346043,210434,135609,348880,192689,148814,,,,,,,,,,,,,330835,198997,131838,330907,166277,164630,,,,436043,261009,164010,,,,,,
OK-01,293625,83093,188010,,,,,,,,,,241845,109775,125047,,,,318978,123921,180698,,,,,,,,,,,,,,,,,,,,,,,,
OK-02,297572,69865,208279,,,,,,,,,,240245,88943,143185,,,,319397,77805,227830,,,,,,,,,,,,,,,,,,,,,,,,
OK-03,304730,51847,232531,,,,,,,,,,250245,86102,154875,,,,324306,78932,231850,,,,,,,,,,,,,,,,,,,,,,,,
OK-04,286223,55618,210051,,,,,,,,,,230788,84982,137281,,,,311150,80654,217508,,,,,,,,,,,,,,,,,,,,,,,,
OK-05,265897,95488,142021,,,,,,,,,,223262,131171,84191,,,,282530,148451,121254,,,,,,,,,,,,,,,,,,,,,,,,
OR-01,310373,178796,100575,308757,158931,130966,,,,,,,,,,,,,373449,222467,135979,,,,,,,,,,,,,,,,,,,,,,,,
OR-02,315883,140134,145781,315382,109449,182764,,,,,,,,,,,,,370807,140997,217890,,,,,,,,,,,,,,,,,,,,,,,,
OR-03,344810,261888,42022,341242,259148,65205,,,,,,,,,,,,,402878,328447,57649,,,,,,,,,,,,,,,,,,,,,,,,
OR-04,343623,189400,118213,342905,173945,148016,,,,,,,,,,,,,399813,225017,159644,,,,,,,,,,,,,,,,,,,,,,,,
OR-05,329602,181929,118336,328603,157314,153482,,,,,,,,,,,,,395378,219888,160901,,,,,,,,,,,,,,,,,,,,,,,,
OR-06,306931,152454,125585,307900,125826,164443,,,,,,,,,,,,,377695,183753,180042,,,,,,,,,,,,,,,,,,,,,,,,
PA-01,399733,187274,205781,,,,,,,346446,196783,144034,346616,204983,136764,,,,,,,,,,,,,,,,,,,,,,,,,,,,,,
PA-02,286085,208998,73245,,,,,,,217235,171672,43025,217351,173184,41863,,,,,,,,,,,,,,,,,,,,,,,,,,,,,,
PA-03,369243,330158,35210,,,,,,,313603,291595,18376,313116,292410,17647,,,,,,,,,,,,,,,,,,,,,,,,,,,,,,
PA-04,377700,194535,176609,,,,,,,327766,202296,120320,328261,209091,114573,,,,,,,,,,,,,,,,,,,,,,,,,,,,,,
PA-05,382486,223201,154495,,,,,,,328452,221955,102190,328034,226864,97551,,,,,,,,,,,,,,,,,,,,,,,,,,,,,,
PA-06,359136,171600,174798,,,,,,,307085,180253,121392,307083,186528,115649,,,,,,,,,,,,,,,,,,,,,,,,,,,,,,
PA-07,333640,153406,168090,,,,,,,270023,146378,119073,270678,154519,111550,,,,,,,,,,,,,,,,,,,,,,,,,,,,,,
PA-08,324335,153874,151145,,,,,,,267470,140828,123523,266670,151019,111997,,,,,,,,,,,,,,,,,,,,,,,,,,,,,,
PA-09,335764,103518,209460,,,,,,,270303,98394,167391,269814,108556,156275,,,,,,,,,,,,,,,,,,,,,,,,,,,,,,
PA-10,346884,145284,188915,,,,,,,293324,144910,142475,293322,158033,129643,,,,,,,,,,,,,,,,,,,,,,,,,,,,,,
PA-11,342543,118210,209401,,,,,,,283832,119513,158111,283755,127286,150977,,,,,,,,,,,,,,,,,,,,,,,,,,,,,,
PA-12,343669,107252,215174,,,,,,,274535,107377,161889,275248,108819,161278,,,,,,,,,,,,,,,,,,,,,,,,,,,,,,
PA-13,346461,89808,237581,,,,,,,276507,90670,181092,277029,93652,178766,,,,,,,,,,,,,,,,,,,,,,,,,,,,,,
PA-14,356482,134125,205306,,,,,,,289954,137032,147926,291673,142278,144456,,,,,,,,,,,,,,,,,,,,,,,,,,,,,,
PA-15,363108,131324,210680,,,,,,,290152,132019,153599,291153,135969,150142,,,,,,,,,,,,,,,,,,,,,,,,,,,,,,
PA-16,400168,193119,188224,,,,,,,340937,203340,131557,340957,209769,126149,,,,,,,,,,,,,,,,,,,,,,,,,,,,,,
PA-17,384936,219338,148092,,,,,,,312408,207599,99289,312499,212993,94991,,,,,,,,,,,,,,,,,,,,,,,,,,,,,,
RI-01,,,,,,,,,,160043,114517,45124,160101,101774,43088,,,,208727,156405,51864,,,,,,,,,,,,,,,,203946,140204,63083,,,,,,
RI-02,,,,,,,,,,216695,116960,99297,216300,96348,96844,,,,285535,172169,112991,,,,,,,,,,,,,,,,287973,154440,132948,,,,,,
SC-01,301612,120488,174292,,,,,,,,,,261575,139465,121826,,,,381769,197696,179694,,,,,,,264322,115757,148254,266473,133777,129982,,,,,,,,,,,,
SC-02,296979,145187,144057,,,,,,,,,,253177,148623,104306,,,,354418,201510,148678,,,,,,,230501,115929,114261,231857,123554,104879,,,,,,,,,,,,
SC-03,298437,87720,201818,,,,,,,,,,243993,88595,155097,,,,355176,124233,225068,,,,,,,236886,66425,170236,237618,73862,160314,,,,,,,,,,,,
SC-04,286621,74296,204423,,,,,,,,,,236826,85313,151039,,,,351240,119744,226362,,,,,,,240593,66961,173278,241406,76606,161171,,,,,,,,,,,,
SC-05,284857,83761,192521,,,,,,,,,,234090,87359,146409,,,,357239,131311,219981,,,,,,,237583,71231,166096,238219,78564,156069,,,,,,,,,,,,
SC-06,310844,165702,139764,,,,,,,,,,248269,144194,103900,,,,351414,198410,149179,,,,,,,219726,108161,111403,220443,112250,105840,,,,,,,,,,,,
SC-07,270543,79868,184734,,,,,,,,,,229639,90633,138765,,,,363848,137924,220175,,,,,,,260037,80860,178989,261099,91489,166865,,,,,,,,,,,,
SD-AL,369674,104147,265527,,,,,,,,,,338715,161171,172706,,,,420219,143987,276232,,,,,,,348020,91007,242316,350166,123148,217035,,,,,,,,,,,,
TN-01,,,,,,,,,,239941,67439,169328,239671,54528,182866,,,,317999,64654,247134,,,,,,,,,,189497,37218,148481,,,,339772,66579,267206,,,,,,
TN-02,,,,,,,,,,261425,111936,145071,261697,96066,162376,,,,347509,117675,223869,,,,,,,,,,205359,68065,133285,,,,357579,124391,227259,,,,,,
TN-03,,,,,,,,,,265523,101692,160066,265096,87888,174660,,,,345713,104454,234545,,,,,,,,,,208696,56979,147295,,,,366947,110029,249635,,,,,,
TN-04,,,,,,,,,,277827,112890,162130,277982,96872,176759,,,,374342,121446,244099,,,,,,,,,,222234,68967,149421,,,,397756,132031,257601,,,,,,
TN-05,,,,,,,,,,255427,178892,74209,256301,158812,83545,,,,317485,193148,114004,,,,,,,,,,185323,116050,64793,,,,300505,186816,107247,,,,,,
TN-06,,,,,,,,,,236360,73534,158944,236687,64244,169868,,,,318337,64558,246913,,,,,,,,,,195305,37056,153640,,,,346843,70736,269162,,,,,,
TN-07,,,,,,,,,,221145,81608,136121,221178,72508,146136,,,,303412,81489,213928,,,,,,,,,,181994,45456,131962,,,,328321,86563,234260,,,,,,
TN-08,,,,,,,,,,265283,89635,171583,264837,77921,183365,,,,341921,90124,244269,,,,,,,,,,208656,49024,155457,,,,334405,86253,241962,,,,,,
TN-09,,,,,,,,,,220809,167824,50031,219845,156024,56531,,,,283381,203143,72165,,,,,,,,,,142818,94003,45056,,,,235480,164063,64411,,,,,,
TX-01,,,,,,,,,,242264,74129,166422,241857,64546,173996,,,,314335,88663,218790,,,,,,,,,,236203,59810,173322,,,,330049,92109,230681,,,,,,
TX-02,,,,,,,,,,242744,66733,174214,242976,56071,183622,,,,337225,87084,242534,,,,,,,,,,258440,66808,188269,,,,373838,107684,258760,,,,,,
TX-03,,,,,,,,,,247225,98749,146402,246063,82444,159390,,,,349479,129731,211425,,,,,,,,,,272132,103359,165092,,,,400730,163363,228722,,,,,,
TX-04,,,,,,,,,,246014,58474,185983,245967,51963,191334,,,,324877,72046,246831,,,,,,,,,,242558,45646,194397,,,,337987,73243,258782,,,,,,
TX-05,,,,,,,,,,228817,57352,169762,228823,48057,177651,,,,315924,74641,234342,,,,,,,,,,247843,58372,186290,,,,354968,98489,249172,,,,,,
TX-06,,,,,,,,,,192083,122687,67846,191392,111038,76719,,,,247397,147581,92736,,,,,,,,,,165303,100300,62655,,,,229636,140414,83398,,,,,,
TX-07,,,,,,,,,,237175,144386,90808,235790,123279,107623,,,,295326,161686,127010,,,,,,,,,,218479,128676,86219,,,,281614,166755,108107,,,,,,
TX-08,,,,,,,,,,244882,89955,153119,244869,78159,163365,,,,334227,116601,209537,,,,,,,,,,244142,85577,154993,,,,347290,134443,204021,,,,,,
TX-09,,,,,,,,,,225374,134309,89692,225162,120856,101191,,,,310786,172595,131129,,,,,,,,,,225199,125387,96501,,,,328358,186318,134449,,,,,,
TX-10,,,,,,,,,,205677,131804,71742,204863,118052,81678,,,,277704,162194,106579,,,,,,,,,,216657,131427,81395,,,,298960,175843,114412,,,,,,
TX-11,,,,,,,,,,269975,60920,206890,270232,51481,215031,,,,354078,73742,272813,,,,,,,,,,280946,54542,222711,,,,374415,84689,281668,,,,,,
TX-12,,,,,,,,,,257819,99355,156230,257089,83011,169258,,,,345633,122075,214071,,,,,,,,,,256913,95504,157565,,,,355676,140414,206660,,,,,,
TX-13,,,,,,,,,,220492,57737,161049,219931,49592,166427,,,,287711,66823,213172,,,,,,,,,,204836,43481,158714,,,,292500,69839,215907,,,,,,
TX-14,,,,,,,,,,236341,75957,159138,235887,68511,164996,,,,307133,91340,209531,,,,,,,,,,217440,55758,159199,,,,301310,86029,210016,,,,,,
TX-15,,,,,,,,,,138539,94315,43455,137885,84507,51830,,,,191596,107156,77170,,,,,,,,,,129569,75725,52243,,,,195396,102116,88449,,,,,,
TX-16,,,,,,,,,,190645,141337,48207,187947,125058,59418,,,,240923,153291,74395,,,,,,,,,,155598,98897,54105,,,,227434,132517,85562,,,,,,
TX-17,,,,,,,,,,274978,138032,133714,273892,116745,150181,,,,372567,172548,190561,,,,,,,,,,297308,143401,148846,,,,396810,193694,192786,,,,,,
TX-18,,,,,,,,,,157704,134213,22614,157968,126657,29307,,,,215255,168862,39976,,,,,,,,,,133654,108480,23337,,,,196445,152497,38664,,,,,,
TX-19,,,,,,,,,,257334,136040,119225,255630,115812,134628,,,,338469,164427,165421,,,,,,,,,,250097,127624,119047,,,,336160,176987,151802,,,,,,
TX-20,,,,,,,,,,179165,127291,50332,177846,113840,61053,,,,237936,153355,77410,,,,,,,,,,160652,109242,48797,,,,212845,139813,67452,,,,,,
TX-21,,,,,,,,,,272747,112913,157330,272071,95328,171954,,,,372366,143717,219549,,,,,,,,,,287092,115495,167359,,,,387795,162524,216753,,,,,,
TX-22,,,,,,,,,,185663,120249,64204,185329,107942,74776,,,,248404,145428,97194,,,,,,,,,,162451,96624,63426,,,,225789,130360,88490,,,,,,
TX-23,,,,,,,,,,167156,54136,111718,166375,47769,116280,,,,225381,60288,159030,,,,,,,,,,148751,35898,110680,,,,219022,56196,157503,,,,,,
TX-24,,,,,,,,,,275032,158651,114098,273243,131699,135021,,,,347252,180727,158289,,,,,,,,,,253767,140391,109822,,,,326577,183307,137259,,,,,,
TX-25,,,,,,,,,,269797,80470,187211,269628,67731,197841,,,,356270,96106,251695,,,,,,,,,,278974,75621,199783,,,,384600,113678,262745,,,,,,
TX-26,,,,,,,,,,259940,73399,184461,259309,60821,194347,,,,359250,93308,257605,,,,,,,,,,286293,74642,207938,,,,406837,117782,280823,,,,,,
TX-27,,,,,,,,,,240247,65428,173167,239885,56023,181082,,,,315492,79844,229071,,,,,,,,,,234963,53292,178726,,,,322407,83213,232323,,,,,,
TX-28,,,,,,,,,,157969,98014,58885,156035,87283,67151,,,,211159,108861,95073,,,,,,,,,,150315,76855,70777,,,,204223,94982,103700,,,,,,
TX-29,,,,,,,,,,145338,93587,50847,145426,86455,57371,,,,196071,110791,79451,,,,,,,,,,123404,71849,49667,,,,185719,104593,75771,,,,,,
TX-30,,,,,,,,,,209655,165140,43318,208897,152293,52709,,,,270211,201374,61562,,,,,,,,,,174233,132215,39975,,,,245823,183565,56644,,,,,,
TX-31,,,,,,,,,,193428,75824,116060,193436,66267,124239,,,,267039,99445,160344,,,,,,,,,,193051,65998,124313,,,,275727,103331,165685,,,,,,
TX-32,,,,,,,,,,200114,121747,76782,199235,108057,87110,,,,251304,141871,102283,,,,,,,,,,170535,98291,69766,,,,231523,135479,90349,,,,,,
TX-33,,,,,,,,,,163071,109461,52377,161974,98201,60722,,,,211187,129922,75111,,,,,,,,,,136997,85931,49133,,,,193376,119649,67965,,,,,,
TX-34,,,,,,,,,,169234,96484,71482,168611,81798,84411,,,,231584,118378,106525,,,,,,,,,,162588,81899,78310,,,,229920,113373,110872,,,,,,
TX-35,,,,,,,,,,196240,119748,74535,195094,104449,86922,,,,283001,158322,115851,,,,,,,,,,203682,120260,80454,,,,301353,173732,120056,,,,,,
TX-36,,,,,,,,,,236078,86440,147812,235790,75003,156983,,,,319774,106518,205092,,,,,,,,,,229466,77669,148252,,,,329031,115436,205336,,,,,,
TX-37,,,,,,,,,,336305,260001,72688,332794,231286,91884,,,,402052,286375,105373,,,,,,,,,,310936,238086,68075,,,,377364,281227,87453,,,,,,
TX-38,,,,,,,,,,198304,110153,86643,198239,98513,96710,,,,277200,141188,128648,,,,,,,,,,185301,95740,86944,,,,270726,141459,121440,,,,,,
UT-01,287940,63489,210562,289586,67432,208030,,,,264385,65343,180356,,,,,,,,,,357302,90685,245980,,,,264157,104566,148237,,,,,,,364732,100203,241030,366512,87671,210625,,,
UT-02,277260,50766,214912,278813,53841,211344,,,,262587,55260,185163,,,,,,,,,,367125,74945,268338,,,,293340,84599,197638,,,,,,,410734,84383,298335,411768,73703,237667,,,
UT-03,259598,49125,199425,261639,53620,196826,,,,242393,55169,173248,,,,,,,,,,355247,87468,249530,,,,260454,105717,145699,,,,,,,358642,96457,240641,363577,87156,202399,,,
UT-04,290810,138480,135342,294900,148456,134650,,,,293480,152769,126448,,,,,,,,,,359036,189656,154905,,,,258699,165036,80367,,,,,,,328520,183182,133969,334655,171771,130175,,,
VA-01,,,,,,,272883,117368,152347,344477,160851,176780,,,,,,,449064,205502,243156,,,,358524,140702,215597,,,,,,,,,,468269,214914,252828,,,,380675,185123,194917
VA-02,,,,,,,223097,116511,103899,287509,155718,125691,,,,,,,386336,207943,178036,,,,281106,128879,150053,,,,,,,,,,389171,204727,184005,,,,293701,162895,130338
VA-03,,,,,,,211440,140208,68702,259617,177960,77322,,,,,,,346554,234239,111903,,,,243597,146615,94314,,,,,,,,,,337199,223211,113548,,,,258554,177220,80868
VA-04,,,,,,,234685,157030,74978,298219,208800,84770,,,,,,,388383,268721,119295,,,,281895,174999,102180,,,,,,,,,,374271,256520,117150,,,,306357,218949,86838
VA-05,,,,,,,258764,100961,155087,331515,141416,183646,,,,,,,433984,185515,248087,,,,344821,121081,221782,,,,,,,,,,454567,189431,264558,,,,359038,154040,204391
VA-06,,,,,,,224247,87149,134139,287306,120212,161286,,,,,,,393285,164527,228417,,,,299971,101131,196809,,,,,,,,,,406126,167006,238511,,,,309358,130404,178339
VA-07,,,,,,,229106,120331,106025,305127,170690,127717,,,,,,,400148,225995,173721,,,,303433,146294,154903,,,,,,,,,,418659,224233,193727,,,,327009,189727,136698
VA-08,,,,,,,257743,194409,60846,324692,252005,64275,,,,,,,385887,292679,92708,,,,296087,213082,80996,,,,,,,,,,395057,293276,100527,,,,305466,244426,60194
VA-09,,,,,,,229233,69809,156789,285016,95913,184781,,,,,,,396393,132883,263098,,,,297050,71939,223375,,,,,,,,,,400606,129557,270455,,,,291291,91403,199358
VA-10,,,,,,,237703,150311,84773,325249,216173,102113,,,,,,,414163,269861,143893,,,,305818,181486,122466,,,,,,,,,,420410,262256,156679,,,,312453,213994,97652
VA-11,,,,,,,235164,154731,78147,303030,210632,85932,,,,,,,410890,278635,131885,,,,276025,173262,100683,,,,,,,,,,378591,250298,127004,,,,289434,208678,79993
VT-AL,313809,192243,103637,315295,139253,166817,,,,272624,183649,74815,274087,110335,151261,,,,,,,,,,,,,287100,196575,80468,362711,99215,248412,,,,363253,229429,116512,362841,79220,266434,,,
WA-01,356984,193621,163363,356225,178697,177528,,,,341081,182318,158763,,,,,,,,,,451832,232819,217537,,,,353308,187824,164684,,,,,,,431283,237845,192456,440241,228412,210877,,,
WA-02,341944,223281,118663,341137,204407,136730,,,,315461,210184,105277,,,,,,,,,,409302,274525,133340,,,,302782,206468,95556,,,,,,,374822,258346,115473,377422,247089,129497,,,
WA-03,313221,154610,158611,312325,140597,171728,,,,303339,148091,155248,,,,,,,,,,419056,190592,227316,,,,320582,147620,172448,,,,,,,408944,201127,206458,413473,190393,222463,,,
WA-04,276796,119521,157275,276280,107104,169176,,,,256987,97381,159606,,,,,,,,,,345548,124462,219929,,,,253108,83549,169078,,,,,,,322769,127129,194549,329655,116028,212921,,,
WA-05,311253,152243,159010,311089,140379,170710,,,,305294,147205,158089,,,,,,,,,,394057,173861,218836,,,,296196,129684,165959,,,,,,,371307,175045,195252,377010,166430,210049,,,
WA-06,354062,205768,148294,353572,190083,163489,,,,341059,194048,147011,,,,,,,,,,446482,246568,198550,,,,348991,199697,148418,,,,,,,431626,255796,174740,437035,243779,192142,,,
WA-07,392114,336962,55152,390512,320329,70183,,,,380548,333585,46963,,,,,,,,,,454585,398180,55157,,,,350561,311505,38365,,,,,,,429497,377524,50489,431684,371403,59323,,,
WA-08,335137,180330,154807,334999,161821,173178,,,,325361,174531,150830,,,,,,,,,,422123,220791,199863,,,,325443,174008,150709,,,,,,,402885,221321,180578,408128,204063,203130,,,
WA-09,268545,177338,91207,268149,162799,105350,,,,248723,164581,84142,,,,,,,,,,336945,223507,112427,,,,227400,149644,77182,,,,,,,293443,196054,96506,297857,185041,112104,,,
WA-10,293261,170305,122956,292578,154304,138274,,,,268315,151440,116875,,,,,,,,,,376524,208938,166111,,,,269529,151828,116923,,,,,,,345815,202390,142686,348883,190730,157312,,,
WI-01,368266,165222,193442,,,,,,,337608,181900,155116,339640,162579,169976,,,,,,,,,,,,,321009,164334,155920,321389,169984,148124,,,,413109,212708,191041,,,,,,
WI-02,392460,252253,131650,,,,,,,369380,262112,106806,370590,249622,114197,,,,,,,,,,,,,378079,260789,116544,378847,266582,109216,,,,463025,311146,144695,,,,,,
WI-03,358374,186691,160031,,,,,,,321507,193601,127679,323111,175962,139609,,,,,,,,,,,,,318926,165696,152621,320100,174595,141583,,,,415453,212281,193498,,,,,,
WI-04,337175,224903,104935,,,,,,,304186,224447,79212,304404,211442,87315,,,,,,,,,,,,,268102,193228,74306,266788,194393,69953,,,,351348,250391,93513,,,,,,
WI-05,404377,118207,275945,,,,,,,367457,136662,230422,369718,114514,249508,,,,,,,,,,,,,380968,124599,255705,381589,131436,246414,,,,474000,160236,304662,,,,,,
WI-06,360979,137886,208726,,,,,,,321027,149849,170921,322857,127436,188941,,,,,,,,,,,,,328186,121315,206379,328965,128036,196647,,,,420613,160372,249692,,,,,,
WI-07,371114,145476,212038,,,,,,,322316,155257,166901,324268,134734,181787,,,,,,,,,,,,,341804,131542,209840,342478,138151,199721,,,,447170,172067,264316,,,,,,
WI-08,355996,149697,192704,,,,,,,317282,169086,147828,318720,148018,163747,,,,,,,,,,,,,315403,148964,165870,316334,155597,156877,,,,406069,193576,202579,,,,,,
WV-01,,,,353822,155330,164645,,,,292244,138877,139002,,,,,,,394295,108095,273402,388340,116472,249642,,,,,,,,,,,,,389803,111734,263197,386442,114653,244703,,,
WV-02,,,,360033,195075,137342,,,,293790,151633,132111,,,,,,,384623,102214,274052,380464,120552,248302,,,,,,,,,,,,,357899,95814,250882,354486,119323,214597,,,
WY-AL,,,,,,,,,,203420,61227,136210,203238,55965,136412,,,,271937,72766,198100,,,,,,,,,,194000,30686,143696,,,,264162,63727,198418,,,,,,
